analysis,feature,modality,n_participants,n_obs,model_type,converged,singular,shapiro_p,hetero_rho,hetero_p,interaction_term,interaction_est,interaction_se,interaction_df,interaction_t,interaction_p,interaction_p_boot,interaction_ci_low,interaction_ci_high,slope_low,slope_high,interaction_q,interaction_q_boot
stress_by_workload,hrv_rmssd_precond,Physiological,47,188,fe_lm,TRUE,TRUE,0.002227149345427096,0.051466820177713625,0.4830308898508351,rating_w:moderatorHigh,0.023400847533253732,0.10677589859116128,138,0.21915851650056553,0.8268503806851352,NA,NA,NA,-0.06298129770517727,-0.039580450171923534,0.8673960755486039,NA
stress_by_workload,hr_med_precond,Physiological,47,188,fe_lm,TRUE,TRUE,3.7293422010983287e-4,-0.0044373769088513785,0.951807778604021,rating_w:moderatorHigh,-0.0861286540207881,0.09980593261429278,138,-0.8629612665775941,0.38965602439409974,NA,NA,NA,0.24151523856726198,0.15538658454647386,0.8673960755486039,NA
stress_by_workload,eda_tonic_mean_precond,Physiological,47,188,fe_lm,TRUE,TRUE,0.04284948239447893,0.008945180294250158,0.9030300347208782,rating_w:moderatorHigh,0.02686478456178827,0.09968555522056786,138,0.2694952593918575,0.7879511317289207,NA,NA,NA,0.20245540001380766,0.22932018457559594,0.8673960755486039,NA
stress_by_workload,eda_pkht_mean_precond,Physiological,47,176,fe_lm,TRUE,TRUE,0.005015791374848172,0.08757161480905604,0.2477988920706582,rating_w:moderatorHigh,0.017307429004501725,0.10344662538490713,126,0.1673078163749059,0.8673960755486039,NA,NA,NA,0.09580612561936297,0.11311355462386469,0.8673960755486039,NA
stress_by_workload,eeg_fm_theta_power_precond,EEG,44,176,fe_lm,TRUE,TRUE,1.7879055022558023e-4,0.05601587938360929,0.4602596379555185,rating_w:moderatorHigh,0.10430452468995591,0.11017895651723855,129,0.946682814822597,0.34557037613566155,NA,NA,NA,0.056582434138789994,0.1608869588287459,0.5759506268927693,NA
stress_by_workload,eeg_f_beta_power_precond,EEG,44,176,fe_lm,TRUE,TRUE,6.556143345338061e-4,0.0702422467130278,0.35425193951264433,rating_w:moderatorHigh,-0.0015282878490210658,0.10961095198994918,129,-0.013942838934207988,0.9888971251586914,NA,NA,NA,0.10505932335141356,0.1035310355023925,0.9888971251586914,NA
stress_by_workload,eeg_p_alpha_power_precond,EEG,44,176,fe_lm,TRUE,TRUE,1.7043710433467408e-5,0.07259532125585712,0.33832137778789106,rating_w:moderatorHigh,0.002061043825203094,0.10986520374279851,129,0.01875975063067402,0.9850617471981233,NA,NA,NA,0.11916774232510172,0.12122878615030482,0.9888971251586914,NA
stress_by_workload,eeg_ab_ratio_precond,EEG,44,176,fe_lm,TRUE,TRUE,0.02313305496121796,-0.013940135340160233,0.8543053495232535,rating_w:moderatorHigh,0.16224977896724194,0.10763022014517698,129,1.5074741903193303,0.13413423522931014,NA,NA,NA,-0.020681991640652826,0.14156778732658912,0.5759506268927693,NA
stress_by_workload,eeg_tb_ratio_precond,EEG,44,176,fe_lm,TRUE,TRUE,0.004295732186606547,-0.036523302934939765,0.6303428238876638,rating_w:moderatorHigh,0.10493757427124233,0.10800042543668519,129,0.9716403787016705,0.33304784190935766,NA,NA,NA,-0.024370992800637245,0.08056658147060508,0.5759506268927693,NA
stress_by_workload,pupil_full_pupil_med_precond,Physiological,47,185,fe_lm,TRUE,TRUE,3.4521504708340846e-5,-0.10463236949057428,0.15636549592478302,rating_w:moderatorHigh,-0.15671093533648292,0.10665864674400809,135,-1.4692754888650104,0.14408458532993754,NA,NA,NA,0.1856614549576274,0.028950519621144477,0.7204229266496877,NA
workload_by_stress,hrv_rmssd_precond,Physiological,47,188,fe_lm,TRUE,TRUE,8.902949159182526e-5,0.01154584883123512,0.8750414208466167,rating_w:moderatorHigh,-0.02056926663202586,0.09417173885201509,138,-0.2184229247837205,0.827422283075451,NA,NA,NA,-3.8987251925927674e-5,-0.02060825388395179,0.9758604040928788,NA
workload_by_stress,hr_med_precond,Physiological,47,188,fe_lm,TRUE,TRUE,2.736060188138464e-6,-0.033712806333332936,0.6460227573359807,rating_w:moderatorHigh,-0.022977867474352112,0.0937639462943733,138,-0.24506079769949907,0.8067733951121883,NA,NA,NA,0.041129247035448825,0.018151379561096713,0.9758604040928788,NA
workload_by_stress,eda_tonic_mean_precond,Physiological,47,188,fe_lm,TRUE,TRUE,4.675265196343014e-5,0.05826387697458115,0.427066763359903,rating_w:moderatorHigh,-0.024266454667825385,0.09279148612593573,138,-0.2615159610105951,0.7940845493333066,NA,NA,NA,0.08189220144479556,0.057625746776970174,0.9758604040928788,NA
workload_by_stress,eda_pkht_mean_precond,Physiological,47,176,fe_lm,TRUE,TRUE,1.0221814147585625e-4,0.16159538364961795,0.032142693216750805,rating_w:moderatorHigh,-0.002727429713546975,0.08995698371305746,126,-0.030319265953234514,0.9758604040928788,NA,NA,NA,0.012789391363641916,0.010061961650094941,0.9758604040928788,NA
workload_by_stress,eeg_fm_theta_power_precond,EEG,44,176,fe_lm,TRUE,TRUE,3.326336486618932e-5,0.01201520803744985,0.8742443291335944,rating_w:moderatorHigh,-0.052487551779966196,0.0985060962834848,129,-0.532835568155248,0.5950641112532395,NA,NA,NA,0.07960783149582414,0.02712027971585794,0.7438301390665494,NA
workload_by_stress,eeg_f_beta_power_precond,EEG,44,176,fe_lm,TRUE,TRUE,2.800502355816502e-5,-0.08347471407899458,0.2707009552712431,rating_w:moderatorHigh,-0.010027139972401764,0.09897463580226254,129,-0.10131019822527648,0.9194615182285859,NA,NA,NA,-0.030250014519098315,-0.04027715449150008,0.9194615182285859,NA
workload_by_stress,eeg_p_alpha_power_precond,EEG,44,176,fe_lm,TRUE,TRUE,7.100190544901541e-6,0.17161815697495925,0.02275801251886099,rating_w:moderatorHigh,-0.09778226121543276,0.09789319080838428,129,-0.9988668303481021,0.319729188655456,NA,NA,NA,0.11454871063793107,0.016766449422498303,0.7438301390665494,NA
workload_by_stress,eeg_ab_ratio_precond,EEG,44,176,fe_lm,TRUE,TRUE,0.003985198152619733,0.04393579782495173,0.5625887686149507,rating_w:moderatorHigh,-0.09457657282267416,0.09536026358149301,129,-0.9917817890871378,0.32316065721886755,NA,NA,NA,0.1805094398315868,0.08593286700891263,0.7438301390665494,NA
workload_by_stress,eeg_tb_ratio_precond,EEG,44,176,fe_lm,TRUE,TRUE,2.728444852149741e-4,0.034345184179180144,0.6508892311235467,rating_w:moderatorHigh,-0.0653572239203408,0.09679519184073916,129,-0.6752114715354409,0.5007499024572775,NA,NA,NA,0.14043364662900765,0.07507642270866685,0.7438301390665494,NA
workload_by_stress,pupil_full_pupil_med_precond,Physiological,47,185,fe_lm,TRUE,TRUE,1.1395094907509034e-6,-0.014513313584260147,0.8445516449438262,rating_w:moderatorHigh,-0.02292512998454798,0.09335315940725745,135,-0.24557422726890307,0.8063847836913307,NA,NA,NA,0.0751302775379774,0.052205147553429414,0.9758604040928788,NA
