timestamp,test_pid,target,k,final_acc,final_f1,final_auc,inner_best_acc,cost,gamma,feature_n,feature_set,features_used
2025-12-19 15:25:40.01773,1,"stress_label",3,0.75,0.666666666666667,1,0.558139534883721,4,0.0078125,3,"top3","eda_med_precond;hr_sd_precond;hr_med_precond"
2025-12-19 15:25:46.255304,3,"stress_label",3,0.75,0.8,0.75,0.540697674418605,2,0.0078125,3,"top3","hr_sd_precond;eeg_fm_lbeta_power_precond;hr_med_precond"
2025-12-19 15:25:52.18021,4,"stress_label",3,0.25,0.4,0.25,0.569767441860465,4,0.03125,3,"top3","hr_sd_precond;hr_med_precond;eda_med_precond"
2025-12-19 15:25:57.64117,5,"stress_label",3,0.5,0.5,0.5,0.563953488372093,128,0.125,3,"top3","hr_med_precond;hr_sd_precond;eda_med_precond"
2025-12-19 15:26:03.101479,6,"stress_label",3,0.25,0.4,0,0.569767441860465,2,0.015625,3,"top3","hr_sd_precond;hr_med_precond;eda_med_precond"
2025-12-19 15:26:08.629528,7,"stress_label",3,1,1,1,0.546511627906977,4,0.06,3,"top3","hr_sd_precond;hr_med_precond;eda_med_precond"
2025-12-19 15:26:14.101147,9,"stress_label",3,0.5,0.5,0.5,0.575581395348837,4,0.0078125,3,"top3","hr_sd_precond;hr_med_precond;eda_med_precond"
2025-12-19 15:26:19.577749,10,"stress_label",3,0.5,0.5,0.75,0.563953488372093,2,0.015625,3,"top3","hr_sd_precond;hr_med_precond;eda_med_precond"
2025-12-19 15:26:25.251718,11,"stress_label",3,0.5,0.5,0.75,0.563953488372093,2,0.015625,3,"top3","hr_sd_precond;hr_med_precond;eda_med_precond"
2025-12-19 15:26:30.768482,12,"stress_label",3,1,1,1,0.534883720930233,16,0.0078125,3,"top3","hr_med_precond;hr_sd_precond;eeg_fm_lbeta_power_precond"
2025-12-19 15:26:36.236489,13,"stress_label",3,0.5,0.5,0.25,0.569767441860465,16,0.015625,3,"top3","hr_med_precond;hr_sd_precond;eda_med_precond"
2025-12-19 15:26:41.76729,15,"stress_label",3,0,0,0,0.575581395348837,2,0.015625,3,"top3","hr_sd_precond;eda_med_precond;hr_med_precond"
2025-12-19 15:26:47.249455,16,"stress_label",3,0.75,0.8,0.5,0.569767441860465,2,0.0625,3,"top3","hr_sd_precond;hr_med_precond;eda_med_precond"
2025-12-19 15:26:52.758731,17,"stress_label",3,0.25,0,0.5,0.563953488372093,4,0.0078125,3,"top3","hr_sd_precond;hr_med_precond;eda_med_precond"
2025-12-19 15:26:58.278122,18,"stress_label",3,0.5,0.5,0.75,0.575581395348837,2,0.0078125,3,"top3","hr_sd_precond;eda_med_precond;hr_med_precond"
2025-12-19 15:27:03.78624,19,"stress_label",3,0.25,0.4,0.25,0.569767441860465,2,0.0078125,3,"top3","hr_sd_precond;hr_med_precond;eda_med_precond"
2025-12-19 15:27:09.334676,20,"stress_label",3,0.25,0,0.25,0.558139534883721,4,0.0078125,3,"top3","hr_med_precond;eda_med_precond;hr_sd_precond"
2025-12-19 15:27:14.864837,21,"stress_label",3,0.5,0.5,0.5,0.563953488372093,2,0.03,3,"top3","hr_sd_precond;hr_med_precond;eda_med_precond"
2025-12-19 15:27:20.362579,22,"stress_label",3,0.25,0.4,0,0.587209302325581,4,0.0625,3,"top3","hr_sd_precond;hr_med_precond;eda_med_precond"
2025-12-19 15:27:26.179767,23,"stress_label",3,0.5,0.5,0.5,0.581395348837209,4,0.0078125,3,"top3","hr_sd_precond;hr_med_precond;eda_med_precond"
2025-12-19 15:27:31.778419,24,"stress_label",3,0.5,0.5,0.5,0.575581395348837,2,0.015625,3,"top3","hr_sd_precond;hr_med_precond;eda_med_precond"
2025-12-19 15:27:37.189396,25,"stress_label",3,1,1,1,0.540697674418605,2,0.03,3,"top3","hr_sd_precond;hr_med_precond;eda_med_precond"
2025-12-19 15:27:42.6654,26,"stress_label",3,1,1,1,0.563953488372093,2,0.0078125,3,"top3","hr_sd_precond;hr_med_precond;eda_med_precond"
2025-12-19 15:27:48.284898,27,"stress_label",3,0.5,0.5,0.75,0.563953488372093,2,0.015625,3,"top3","hr_sd_precond;hr_med_precond;eda_med_precond"
2025-12-19 15:27:53.749779,28,"stress_label",3,0.5,0.5,0.5,0.563953488372093,2,0.06,3,"top3","hr_sd_precond;hr_med_precond;eda_med_precond"
2025-12-19 15:27:59.130522,29,"stress_label",3,0.25,0.4,0.5,0.558139534883721,2,0.0078125,3,"top3","hr_sd_precond;hr_med_precond;eeg_fm_lbeta_power_precond"
2025-12-19 15:28:04.697849,30,"stress_label",3,0.75,0.8,0.75,0.552325581395349,4,0.0078125,3,"top3","hr_med_precond;hr_sd_precond;eda_med_precond"
2025-12-19 15:28:10.226667,31,"stress_label",3,0.75,0.8,0.5,0.534883720930233,8,0.015625,3,"top3","hr_sd_precond;hr_med_precond;eda_med_precond"
2025-12-19 15:28:15.746438,32,"stress_label",3,1,1,1,0.534883720930233,8,0.0078125,3,"top3","hr_sd_precond;hr_med_precond;eda_med_precond"
2025-12-19 15:28:21.297056,33,"stress_label",3,0.5,0.5,0.75,0.581395348837209,4,0.0078125,3,"top3","hr_sd_precond;hr_med_precond;eda_med_precond"
2025-12-19 15:28:26.823166,34,"stress_label",3,1,1,1,0.540697674418605,2,0.03125,3,"top3","hr_sd_precond;hr_med_precond;eda_med_precond"
2025-12-19 15:28:32.364335,35,"stress_label",3,0.75,0.8,1,0.546511627906977,4,0.03125,3,"top3","hr_sd_precond;hr_med_precond;eda_med_precond"
2025-12-19 15:28:37.947374,36,"stress_label",3,1,1,1,0.563953488372093,4,0.015625,3,"top3","hr_med_precond;hr_sd_precond;eda_med_precond"
2025-12-19 15:28:43.479485,37,"stress_label",3,0.5,0.5,0.25,0.575581395348837,2,0.015625,3,"top3","hr_sd_precond;eda_med_precond;hr_med_precond"
2025-12-19 15:28:49.061523,38,"stress_label",3,0.5,0.5,0.5,0.563953488372093,2,0.03,3,"top3","hr_sd_precond;hr_med_precond;eda_med_precond"
2025-12-19 15:28:54.574788,39,"stress_label",3,0.25,0.4,0.25,0.581395348837209,16,0.015625,3,"top3","hr_med_precond;hr_sd_precond;eda_med_precond"
2025-12-19 15:29:00.061192,40,"stress_label",3,0.25,0,0.5,0.569767441860465,2,0.0078125,3,"top3","hr_sd_precond;eda_med_precond;hr_med_precond"
2025-12-19 15:29:05.815454,41,"stress_label",3,0.5,0.5,0.5,0.563953488372093,2,0.015625,3,"top3","hr_med_precond;hr_sd_precond;eda_med_precond"
2025-12-19 15:29:11.238126,42,"stress_label",3,0.25,0,0.5,0.563953488372093,4,0.0078125,3,"top3","hr_med_precond;hr_sd_precond;eda_med_precond"
2025-12-19 15:29:16.676428,43,"stress_label",3,0.5,0.5,0.5,0.563953488372093,4,0.0078125,3,"top3","hr_sd_precond;eda_med_precond;hr_med_precond"
2025-12-19 15:29:22.149318,44,"stress_label",3,0.5,0.5,0.5,0.552325581395349,4,0.0078125,3,"top3","hr_med_precond;hr_sd_precond;eda_med_precond"
2025-12-19 15:29:27.600052,45,"stress_label",3,0,0,0,0.575581395348837,2,0.015625,3,"top3","hr_sd_precond;hr_med_precond;eda_med_precond"
2025-12-19 15:29:33.036246,47,"stress_label",3,0.5,0.5,0.5,0.563953488372093,8,0.0078125,3,"top3","hr_sd_precond;hr_med_precond;eda_med_precond"
2025-12-19 15:29:38.500667,48,"stress_label",3,0.75,0.8,1,0.558139534883721,2,0.015625,3,"top3","hr_sd_precond;eda_med_precond;hr_med_precond"
