feature,mean_val_Low,mean_val_High,sd_val_Low,sd_val_High,mean_diff,pooled_sd,cohens_d,signal_to_noise
eeg_fm_lbeta_power_precond,0.030179545454545518,-0.07202840909090907,0.2572275794365362,0.3912115713414711,0.10220795454545459,0.33106836240740556,0.30872159998085136,0.30872159998085136
eeg_tleft_lbeta_power_precond,0.01712954545454544,-0.07265227272727272,0.2451448974101394,0.3332767732395738,0.08978181818181816,0.2925486526265418,0.3068953398887492,0.3068953398887492
eeg_tleft_beta_power_precond,0.018792045454545433,-0.06608522727272734,0.24335582161314617,0.3267137868454441,0.08487727272727277,0.2880659251177582,0.29464530625264296,0.29464530625264296
eda_mean_precond,0.8915672843430053,1.2346064067853884,1.0554042860850117,1.2734138942337463,0.3430391224423831,1.169500139613965,0.29332114706340723,0.29332114706340723
eda_tonic_mean_precond,0.8919721111712838,1.2336914705497863,1.0554152331296758,1.2723401768208986,0.3417193593785025,1.168920621743582,0.29233752320049594,0.29233752320049594
hr_mean_precond,3.3800032532025486,5.194626241318339,5.838423690647736,7.229473878108767,1.8146229881157905,6.570863099539274,0.27616204456352555,0.27616204456352555
hr_sd_precond,-0.6717988709300586,-0.10933723071794206,1.9580625449966573,2.115539663965804,0.5624616402121165,2.0383224720258735,0.27594340342678464,0.27594340342678464
hr_med_precond,3.3068181818181817,5.1022727272727275,5.708146939577112,7.249319861442212,1.7954545454545459,6.5243995868318825,0.275190769902918,0.275190769902918
eeg_t_lbeta_power_precond,0.010088636363636288,-0.06875113636363642,0.23725176376502108,0.33768697979124535,0.0788397727272727,0.29182263083090926,0.270163326616553,0.270163326616553
eda_med_precond,0.9247262798784394,1.2578188068768743,1.123285190992154,1.3392431630841017,0.33309252699843495,1.2359898604296458,0.2694945465674352,0.2694945465674352
eeg_fm_beta_power_precond,0.020380681818181826,-0.06883181818181817,0.2749300838428357,0.3869999847175305,0.0892125,0.33567509527309103,0.2657703870685446,0.2657703870685446
eeg_t_beta_power_precond,0.011539772727272711,-0.06251590909090919,0.23287537416867551,0.3259935070527377,0.0740556818181819,0.28328669800640477,0.26141602249360674,0.26141602249360674
eeg_c_lbeta_power_precond,-0.0026534090909090587,-0.06254886363636364,0.19314431859191836,0.29143062856031726,0.05989545454545458,0.24722109443512102,0.24227485394120818,0.24227485394120818
eeg_tleft_hbeta_power_precond,0.018845454545454523,-0.052860227272727295,0.2561330131764968,0.3336048349038307,0.07170568181818182,0.2974023422151241,0.24110664793054642,0.24110664793054642
eeg_tleft_halpha_power_precond,-0.03503068181818183,-0.114375,0.2776178338858723,0.4042955716463805,0.07934431818181817,0.3467899731425041,0.22879645989422462,0.22879645989422462
eeg_fm_halpha_power_precond,-0.017859090909090894,-0.10628409090909086,0.3244132509434068,0.4437321211904493,0.08842499999999996,0.38867862866630926,0.22750157451006942,0.22750157451006942
eeg_tleft_alpha_power_precond,-0.013251136363636324,-0.08694204545454544,0.26494011034129844,0.39579052445244667,0.07369090909090911,0.33678138407133057,0.21880933025473082,0.21880933025473082
eeg_tleft_theta_power_precond,0.08408863636363635,0.0034852272727272497,0.28558549595798344,0.4437689241656294,0.0806034090909091,0.37315541906602906,0.21600492709619876,0.21600492709619876
eeg_fm_alpha_power_precond,0.010998863636363624,-0.07298977272727274,0.31419000565560046,0.45144892075972476,0.08398863636363636,0.38892254222980344,0.21595209133959078,0.21595209133959078
eeg_t_halpha_power_precond,-0.03448068181818179,-0.10657954545454541,0.27150849814517236,0.39540243842499845,0.07209886363636361,0.3391606941240993,0.21258024554573693,0.21258024554573693
eeg_t_hbeta_power_precond,0.010536363636363667,-0.050592045454545424,0.24322129235182413,0.32592728658842673,0.061128409090909094,0.28756320452744466,0.21257382074094627,0.21257382074094627
eeg_t_theta_power_precond,0.07940681818181816,7.715909090908417e-4,0.28776253332420115,0.4473652918544984,0.07863522727272731,0.3761269599092988,0.20906564977870723,0.20906564977870723
eda_pkrate_precond,0.0689208848335363,0.04634068556913816,0.08219534645543443,0.14302315911313587,0.022580199264398138,0.11664411477144973,0.19358198490032139,0.19358198490032139
eeg_t_alpha_power_precond,-0.015047727272727225,-0.07891477272727271,0.262031414707523,0.38613111362035424,0.06386704545454548,0.3299679523827434,0.19355529830504106,0.19355529830504106
eeg_c_beta_power_precond,0.012331818181818211,-0.039493181818181816,0.22478578489510653,0.30624113434803485,0.051825000000000024,0.2686189507999019,0.1929312874079581,0.1929312874079581
eeg_fm_theta_power_precond,0.117075,0.03262613636363635,0.36643686390684693,0.5072291251505503,0.08444886363636364,0.4424688467174145,0.19085832655309504,0.19085832655309504
eeg_fm_hbeta_power_precond,0.007229545454545486,-0.059563636363636346,0.30519109941643024,0.3925771004680638,0.06679318181818183,0.3516094331605181,0.18996413497156986,0.18996413497156986
eeg_f_lbeta_power_precond,0.012986363636363664,-0.04943977272727276,0.213667470284761,0.419231138765112,0.06242613636363643,0.3327225086826722,0.18762222192540082,0.18762222192540082
eeg_fm_lalpha_power_precond,0.05847159090909094,-0.019715909090909103,0.32694152486018,0.4944929977274328,0.07818750000000005,0.41917423911743584,0.1865274453998473,0.1865274453998473
eeg_tright_lbeta_power_precond,-0.005782954545454552,-0.05645227272727276,0.20970133946896563,0.32320868209050846,0.05066931818181821,0.2724321052608904,0.18598879208195937,0.18598879208195937
eeg_tleft_lalpha_power_precond,0.02548522727272724,-0.03930909090909095,0.27940325347984085,0.4127640495562333,0.06479431818181819,0.352448818029782,0.183840361684354,0.183840361684354
eeg_fr_lbeta_power_precond,0.019969318181818126,-0.043378409090909016,0.19695982515722987,0.4483802323328552,0.06334772727272714,0.3462932322994717,0.18293088447638076,0.18293088447638076
eeg_tright_beta_power_precond,-5.25000000000033e-4,-0.04825909090909088,0.20899239894333949,0.3092121120868861,0.04773409090909085,0.26390334696373685,0.1808771713518663,0.1808771713518663
eeg_f_beta_power_precond,0.018676136363636367,-0.03758750000000001,0.23395786976778546,0.42876309505487353,0.05626363636363638,0.34537955679752863,0.16290378297236546,0.16290378297236546
eeg_c_halpha_power_precond,-0.07852727272727272,-0.1229488636363636,0.22528834587674257,0.3298831792509537,0.04442159090909088,0.28246924676909135,0.1572616892535702,0.1572616892535702
eeg_fr_beta_power_precond,0.026923863636363676,-0.029123863636363614,0.22024927309197737,0.4565245254064062,0.05604772727272729,0.3584162277262909,0.15637608717741666,0.15637608717741666
hrv_rmssd_precond,3.0392549631727563,-10.596061857734732,95.90896790518212,80.37230525080223,13.635316820907487,88.48230776817869,0.15410218341763485,0.15410218341763485
eeg_t_lalpha_power_precond,0.015851136363636317,-0.03548295454545453,0.2841873155922365,0.402736794691107,0.05133409090909085,0.34853934938654224,0.14728348750131956,0.14728348750131956
eeg_pright_lbeta_power_precond,-7.670454545454735e-4,-0.03597386363636364,0.20317828857309572,0.27612985513204746,0.035206818181818166,0.2424140196469025,0.14523424937674814,0.14523424937674814
eeg_tright_hbeta_power_precond,0.0015136363636363585,-0.036401136363636406,0.22651642866598085,0.30740274959483355,0.03791477272727276,0.27000568782347373,0.1404221260407705,0.1404221260407705
eeg_tright_halpha_power_precond,-0.04886022727272727,-0.09261704545454542,0.25514425783856814,0.3677397271814567,0.043756818181818154,0.31648941471673736,0.13825681412119625,0.13825681412119625
eeg_tright_theta_power_precond,0.05924318181818181,0.00883977272727274,0.28598985023202605,0.4414716198789775,0.050403409090909075,0.3719458197065166,0.1355127720770725,0.1355127720770725
eeg_c_hbeta_power_precond,0.027259090909090896,-0.013723863636363652,0.2705041447560435,0.3374399611116261,0.040982954545454545,0.3058089433659636,0.1340148986303843,0.1340148986303843
eeg_pleft_lbeta_power_precond,0.01848750000000003,-0.024662499999999955,0.27869820979117277,0.36237279030343716,0.04314999999999999,0.3232543358511247,0.1334862218827988,0.1334862218827988
eeg_f_hbeta_power_precond,0.024134090909090897,-0.023204545454545446,0.2704445127131171,0.4504052407539699,0.04733863636363635,0.3714869549225632,0.12743014454842466,0.12743014454842466
eeg_pright_halpha_power_precond,-0.0722454545454546,-0.1040056818181818,0.21708724127393791,0.2883378531402923,0.031760227272727204,0.25521127314196146,0.12444680394294555,0.12444680394294555
eeg_f_halpha_power_precond,-0.0209329545454546,-0.06616477272727267,0.27774238982987765,0.4483913100247315,0.04523181818181807,0.3729581759487963,0.12127852691994068,0.12127852691994068
eeg_p_lbeta_power_precond,0.014471590909090871,-0.026701136363636344,0.25978277395435,0.4037626776755763,0.041172727272727215,0.33949329119083355,0.12127699822375428,0.12127699822375428
eeg_fr_hbeta_power_precond,0.03471931818181817,-0.011862500000000008,0.26177533837899597,0.47764907579945026,0.04658181818181818,0.38514605502036936,0.1209458530721666,0.1209458530721666
eeg_c_alpha_power_precond,-0.05116818181818185,-0.0848477272727272,0.2150870230434967,0.3331874571528327,0.03367954545454535,0.28042495349530183,0.12010181346115338,0.12010181346115338
eeg_c_theta_power_precond,0.08860113636363637,0.04942045454545456,0.24806224445717368,0.40275021555366874,0.03918068181818181,0.334471682847485,0.11714199983873588,0.11714199983873588
eeg_pright_beta_power_precond,0.01656590909090916,-0.014828409090909135,0.2348432247346339,0.30434675359698865,0.031394318181818294,0.27182557516612366,0.11549435023776534,0.11549435023776534
eeg_tright_alpha_power_precond,-0.030780681818181797,-0.06580113636363634,0.25106475230984404,0.35399197162606005,0.03502045454545454,0.30687442531767667,0.11411982119135974,0.11411982119135974
eeg_fl_lbeta_power_precond,0.006422727272727267,-0.02176250000000002,0.224681016660618,0.26744611459090245,0.02818522727272729,0.24699087377615697,0.11411444820536573,0.11411444820536573
eeg_pleft_beta_power_precond,0.022595454545454575,-0.01233636363636362,0.282453321912774,0.352058845715308,0.034931818181818196,0.3191592940100258,0.10944947816785457,0.10944947816785457
eeg_p_beta_power_precond,0.025128409090909055,-0.011627272727272769,0.26642697558914313,0.3957444414338751,0.036755681818181826,0.33734032982093,0.10895727124501481,0.10895727124501481
eeg_pleft_halpha_power_precond,-0.05058636363636364,-0.08955227272727274,0.3187185044820406,0.4179049867204384,0.03896590909090911,0.37163561658234423,0.10484977045324538,0.10484977045324538
eeg_fr_halpha_power_precond,-0.02288863636363636,-0.06106249999999997,0.254597547835081,0.4682642058802068,0.03817386363636361,0.37688942534399733,0.10128664024341165,0.10128664024341165
eeg_faa_precond,-0.0029025837386363637,-0.027354986363636362,0.1573839820937437,0.3047149770896611,0.024452402624999998,0.24250869580536338,0.1008310343008294,0.1008310343008294
eeg_fl_beta_power_precond,0.012945454545454583,-0.014364772727272747,0.25006503333861285,0.2971222988415937,0.02731022727272733,0.27460351542501676,0.09945330536085092,0.09945330536085092
eeg_f_alpha_power_precond,0.010479545454545451,-0.02650681818181825,0.27986604355552536,0.4554391188594375,0.0369863636363637,0.3779879583550805,0.09785063999742248,0.09785063999742248
eeg_fl_specent_precond,0.10382159090909093,0.05344318181818183,0.513374667789982,0.5180610317295216,0.050378409090909106,0.5157231728966281,0.09768498244504323,0.09768498244504323
eeg_p_halpha_power_precond,-0.05500681818181818,-0.09165000000000005,0.2900442351500589,0.4605318042856765,0.03664318181818187,0.3848475029816377,0.09521480985139777,0.09521480985139777
eeg_pleft_alpha_power_precond,-0.02764431818181823,-0.06128295454545456,0.30872757803379053,0.41650693670910516,0.03363863636363633,0.36659974479356416,0.09175848276320696,0.09175848276320696
pupil_full_pupil_med_precond,0.09156519199272549,0.019261329825505488,0.7292793461363504,0.8983362679330918,0.07230386216722,0.81818592477047,0.08837094354501855,0.08837094354501855
eeg_pright_alpha_power_precond,-0.050251136363636345,-0.0726238636363636,0.21081479969112413,0.29225432515774075,0.022372727272727252,0.25480921327751793,0.08780187727498165,0.08780187727498165
eeg_p_hbeta_power_precond,0.03794886363636368,0.008181818181818208,0.28844179954166105,0.40038099543397687,0.029767045454545477,0.34892951525167226,0.08530962315720242,0.08530962315720242
eeg_pright_theta_power_precond,0.042088636363636356,0.013964772727272817,0.2695981400357999,0.38969451402607236,0.028123863636363537,0.33507086666314295,0.0839340761446662,0.0839340761446662
eeg_fr_alpha_power_precond,0.00843068181818175,-0.02330113636363641,0.26117273684880093,0.47284865248789,0.03173181818181816,0.38196665209983083,0.08307483914466106,0.08307483914466106
eeg_rightfrontal_alpha_precond,0.00843068181818175,-0.02330113636363641,0.26117273684880093,0.47284865248789,0.03173181818181816,0.38196665209983083,0.08307483914466106,0.08307483914466106
eeg_c_lalpha_power_precond,0.003019318181818195,-0.022452272727272692,0.230975596988356,0.3715433122374006,0.025471590909090888,0.30934944583146257,0.08233921622399844,0.08233921622399844
eeg_ab_ratio_precond,-0.008206735227272728,0.011083155681818179,0.2143350375129356,0.25436667524075884,0.019289890909090907,0.23520407498458565,0.08201342136761487,0.08201342136761487
eeg_pright_hbeta_power_precond,0.0365647727272727,0.010913636363636313,0.278923269240997,0.345450996967971,0.02565113636363639,0.3139542812498747,0.08170341318970827,0.08170341318970827
eeg_pleft_theta_power_precond,0.06678977272727274,0.033973863636363656,0.3348289379822069,0.4714914939309812,0.03281590909090908,0.40890992074022925,0.0802521715088352,0.0802521715088352
eda_tonic_sd_precond,0.04932343577068342,0.07466403748366494,0.26968848884385815,0.36433314816583107,0.025340601712981525,0.3205234186976899,0.07906006311782847,0.07906006311782847
eeg_pleft_lalpha_power_precond,0.015046590909090905,-0.014848863636363634,0.3108932207380665,0.4363181379108119,0.029895454545454538,0.37883249079959236,0.07891470576442623,0.07891470576442623
eeg_f_lalpha_power_precond,0.05236818181818187,0.021192045454545536,0.2960558391511756,0.4742812835364784,0.031176136363636333,0.3953427600250928,0.07885849828553217,0.07885849828553217
eda_sd_precond,0.059834944912786105,0.08529875096285483,0.2726056730434776,0.36896254695649294,0.025463806050068725,0.32438188453743044,0.07849947011184115,0.07849947011184115
eeg_fl_hbeta_power_precond,0.018027272727272725,-0.0063954545454545375,0.2901592300580472,0.34003332828844507,0.024422727272727263,0.3160815109546873,0.07726718085775175,0.07726718085775175
eeg_p_alpha_power_precond,-0.03149204545454553,-0.060378409090909024,0.2831477110234815,0.4652236136288652,0.028886363636363495,0.38510104968419434,0.07500982835557582,0.07500982835557582
eeg_p_theta_power_precond,0.0625272727272728,0.03193749999999993,0.3126069107152931,0.5268362399740549,0.030589772727272875,0.43317404376125723,0.07061774168567762,0.07061774168567762
eeg_tright_lalpha_power_precond,-0.003701136363636312,-0.026402272727272736,0.2823272933554362,0.3674746478008852,0.022701136363636423,0.32767843791573403,0.0692787005090468,0.0692787005090468
eeg_f_specent_precond,0.0938977272727273,0.0582125,0.5184669437089632,0.5169085507533745,0.0356852272727273,0.5176883336336966,0.06893187455519768,0.06893187455519768
eeg_pleft_hbeta_power_precond,0.028693181818181836,0.006017045454545481,0.30359809102251994,0.3554235974357342,0.022676136363636357,0.33052816406977875,0.06860576141054392,0.06860576141054392
eeg_fr_lalpha_power_precond,0.04955113636363639,0.022927272727272695,0.2822564200604842,0.48734114410944396,0.026623863636363692,0.39822737061084984,0.06685593608376228,0.06685593608376228
eeg_fr_specent_precond,0.10705909090909088,0.07335227272727271,0.5216750291209648,0.5294282404952118,0.03370681818181817,0.525565932040032,0.06413432859124275,0.06413432859124275
pupil_full_pupil_asymmetry_precond,0.00524062984211311,0.016848258583555386,0.18930126570597797,0.1801326888011408,0.011607628741442276,0.1847738547151814,0.0628207316415777,0.0628207316415777
eeg_tleft_specent_precond,0.01241022727272727,-0.023544318181818177,0.5695272572851561,0.6184580186939823,0.03595454545454545,0.5944962647812173,0.06047900985177292,0.06047900985177292
eeg_f_theta_power_precond,0.10133522727272726,0.07773068181818184,0.3231365687725682,0.46224551528828,0.02360454545454542,0.39880330896460486,0.059188439323206325,0.059188439323206325
eeg_p_specent_precond,0.10003522727272725,0.06661363636363639,0.6014789355365661,0.5304929078971308,0.03342159090909086,0.5670977143417852,0.05893444826855348,0.05893444826855348
eeg_pleft_specent_precond,0.08780340909090907,0.05478409090909089,0.6074557158919931,0.5270428116018973,0.03301931818181818,0.5686723890040234,0.05806386738707049,0.05806386738707049
eda_pkht_mean_precond,0.00228926781470299,0.002534732231633123,0.003638477212877548,0.005121879166978297,2.454644169301327e-4,0.004442530958235151,0.05525328224783973,0.05525328224783973
eda_peakarea_precond,4.155661791841375,4.596051493424951,6.5542275963532335,9.217196261759446,0.4403897015835758,7.997331002046576,0.05506708443990587,0.05506708443990587
eeg_fr_theta_power_precond,0.10449772727272726,0.08307954545454545,0.311422319598645,0.47924425638493773,0.02141818181818181,0.40414039542104213,0.05299688440168889,0.05299688440168889
eeg_p_lalpha_power_precond,0.007697727272727308,-0.011315909090909041,0.2883148275148024,0.490687211718414,0.01901363636363635,0.40242973269185883,0.04724709637246194,0.04724709637246194
eeg_fl_halpha_power_precond,-0.021268181818181745,-0.03534204545454544,0.27885505794907617,0.3168926087071759,0.014073863636363693,0.29848037523179133,0.04715172186926639,0.04715172186926639
eeg_t_specent_precond,0.005788636363636367,-0.018290909090909115,0.5603999715785553,0.6025505026072648,0.024079545454545482,0.5818570427250637,0.04138395462530035,0.04138395462530035
pupil_full_pupil_mean_precond,0.03355589339779983,0.010583011962122342,0.5266826182458942,0.6265762206510179,0.022972881435677488,0.5787885367937342,0.03969132070745287,0.03969132070745287
eeg_c_specent_precond,0.0746988636363636,0.05349204545454551,0.5763638008395687,0.5942289684519698,0.021206818181818098,0.585364543624623,0.036228395472168204,0.036228395472168204
eeg_pright_lalpha_power_precond,-0.015380681818181852,-0.024664772727272723,0.22671590803437594,0.3240514117858577,0.00928409090909087,0.2796510508081984,0.03319884149285197,0.03319884149285197
eeg_fm_specent_precond,-0.013869318181818191,0.00978863636363634,0.7616529000025462,0.7338489166804443,0.02365795454545453,0.747880128294418,0.03163335092136731,0.03163335092136731
eeg_pright_specent_precond,0.10954545454545453,0.09384204545454541,0.617185748397578,0.545669066844283,0.015703409090909115,0.5825259558748387,0.026957441007629784,0.026957441007629784
eeg_fl_alpha_power_precond,0.011336363636363665,0.004052272727272791,0.2794782051757061,0.3300995642130202,0.007284090909090875,0.3058380204142872,0.023816825976129025,0.023816825976129025
eeg_tright_specent_precond,-1.7386363636362985e-4,-0.013579545454545443,0.5704733623274014,0.6141750651168487,0.013405681818181813,0.5927271158536684,0.022616953838655474,0.022616953838655474
eeg_tb_ratio_precond,0.09668667954545455,0.1014587159090909,0.29161705509249747,0.31992435922009693,0.0047720363636363505,0.3060981071839634,0.01558989177534633,0.01558989177534633
eeg_fl_lalpha_power_precond,0.056580681818181884,0.05168977272727273,0.2974886308492935,0.3615644725705709,0.004890909090909154,0.3310803175287096,0.01477257581307303,0.01477257581307303
pupil_full_pupil_sd_precond,0.040115515127435504,0.03847656652438503,0.36314890486193463,0.4264912728697375,0.0016389486030504719,0.3960883316486812,0.004137836114051881,0.004137836114051881
eeg_fl_theta_power_precond,0.10710454545454545,0.10793409090909095,0.3190808321575674,0.3743264055672684,8.295454545454994e-4,0.3478022680743161,0.002385106512210115,0.002385106512210115
eeg_ta_ratio_precond,0.10607721136363636,0.10561044318181818,0.19563683143778002,0.21653014551162175,4.667681818181779e-4,0.20634809634486387,0.002262042587677093,0.002262042587677093
eda_pkht_med_precond,0,0,0,0,0,0,NA,NA
imi_competence_score_precond,NA,NA,NA,NA,NA,NA,NA,NA
imi_effort_score_precond,NA,NA,NA,NA,NA,NA,NA,NA
imi_interest_score_precond,NA,NA,NA,NA,NA,NA,NA,NA
imi_pressure_score_precond,NA,NA,NA,NA,NA,NA,NA,NA
mps_phys_presence_score_precond,NA,NA,NA,NA,NA,NA,NA,NA
mps_social_presence_score_precond,NA,NA,NA,NA,NA,NA,NA,NA
nasa_effort_precond,NA,NA,NA,NA,NA,NA,NA,NA
nasa_performance_precond,NA,NA,NA,NA,NA,NA,NA,NA
