timestamp,test_pid,target,k,final_acc,final_f1,final_auc,inner_best_acc,lambda,alpha,feature_n,feature_set,features_used
2025-12-18 15:35:22.25066,1,"workload_label",20,0.25,0.4,0.5,0.662790697674419,0.0533669923120631,1,20,"top20","eeg_fl_theta_power_precond;eeg_fl_hbeta_power_precond;eeg_tleft_lalpha_power_precond;eeg_tleft_lbeta_power_precond;eeg_tright_halpha_power_precond;eeg_faa_precond;eeg_ab_ratio_precond;eeg_tb_ratio_precond;eeg_ta_ratio_precond;eeg_fl_specent_precond;hrv_rmssd_precond;hr_med_precond;hr_sd_precond;eda_med_precond;eda_sd_precond;eda_pkrate_precond;eda_peakarea_precond;pupil_full_pupil_mean_precond;pupil_full_pupil_sd_precond;pupil_full_pupil_asymmetry_precond"
2025-12-18 15:35:32.575974,1,"workload_label",10,0.5,0.5,0.5,0.587209302325581,0.151991108295293,0.25,10,"top10","eeg_fl_theta_power_precond;eeg_fl_hbeta_power_precond;eeg_tleft_lalpha_power_precond;eeg_tleft_lbeta_power_precond;eeg_tright_halpha_power_precond;eeg_faa_precond;eeg_ab_ratio_precond;eeg_tb_ratio_precond;eeg_ta_ratio_precond;eeg_fl_specent_precond"
2025-12-18 15:35:42.752167,1,"workload_label",5,0.25,0.4,0.25,0.523255813953488,0.00231012970008316,0.75,5,"top5","eeg_fl_theta_power_precond;eeg_fl_hbeta_power_precond;eeg_tleft_lalpha_power_precond;eeg_tleft_lbeta_power_precond;eeg_tright_halpha_power_precond"
2025-12-18 15:35:53.686209,3,"workload_label",20,0.75,0.666666666666667,0.5,0.587209302325581,1.23284673944207,0,20,"top20","eeg_fl_theta_power_precond;eeg_fl_hbeta_power_precond;eeg_tleft_lalpha_power_precond;eeg_tright_halpha_power_precond;eeg_tright_lbeta_power_precond;eeg_fm_lbeta_power_precond;eeg_faa_precond;eeg_ab_ratio_precond;eeg_tb_ratio_precond;eeg_ta_ratio_precond;eeg_fl_specent_precond;eeg_fm_specent_precond;hrv_rmssd_precond;hr_med_precond;hr_sd_precond;eda_med_precond;eda_sd_precond;pupil_full_pupil_mean_precond;pupil_full_pupil_sd_precond;pupil_full_pupil_asymmetry_precond"
2025-12-18 15:36:03.956614,3,"workload_label",10,0.75,0.8,1,0.598837209302326,0.151991108295293,0.25,10,"top10","eeg_fl_theta_power_precond;eeg_fl_hbeta_power_precond;eeg_tleft_lalpha_power_precond;eeg_tright_halpha_power_precond;eeg_tright_lbeta_power_precond;eeg_fm_lbeta_power_precond;eeg_faa_precond;eeg_ab_ratio_precond;eeg_tb_ratio_precond;eeg_ta_ratio_precond"
2025-12-18 15:36:14.109361,3,"workload_label",5,0.5,0.5,0.5,0.523255813953488,1e-04,0,5,"top5","eeg_fl_theta_power_precond;eeg_fl_hbeta_power_precond;eeg_tleft_lalpha_power_precond;eeg_tright_halpha_power_precond;eeg_tright_lbeta_power_precond"
2025-12-18 15:36:24.985894,4,"workload_label",20,0.25,0,0.25,0.645348837209302,0.151991108295293,0.25,20,"top20","eeg_fl_theta_power_precond;eeg_fl_hbeta_power_precond;eeg_tleft_lalpha_power_precond;eeg_tright_halpha_power_precond;eeg_tright_lbeta_power_precond;eeg_faa_precond;eeg_ab_ratio_precond;eeg_tb_ratio_precond;eeg_ta_ratio_precond;eeg_fl_specent_precond;eeg_fm_specent_precond;hrv_rmssd_precond;hr_med_precond;hr_sd_precond;eda_med_precond;eda_sd_precond;pupil_full_pupil_mean_precond;pupil_full_pupil_sd_precond;pupil_full_pupil_asymmetry_precond;eda_peakarea_precond"
2025-12-18 15:36:35.265568,4,"workload_label",10,0,0,0,0.61046511627907,0.151991108295293,0.25,10,"top10","eeg_fl_theta_power_precond;eeg_fl_hbeta_power_precond;eeg_tleft_lalpha_power_precond;eeg_tright_halpha_power_precond;eeg_tright_lbeta_power_precond;eeg_faa_precond;eeg_ab_ratio_precond;eeg_tb_ratio_precond;eeg_ta_ratio_precond;eeg_fl_specent_precond"
2025-12-18 15:36:45.422909,4,"workload_label",5,0.25,0,0,0.540697674418605,0.00231012970008316,1,5,"top5","eeg_fl_theta_power_precond;eeg_fl_hbeta_power_precond;eeg_tleft_lalpha_power_precond;eeg_tright_halpha_power_precond;eeg_tright_lbeta_power_precond"
2025-12-18 15:36:56.313122,5,"workload_label",20,1,1,1,0.627906976744186,0.151991108295293,0.25,20,"top20","eeg_fl_hbeta_power_precond;eeg_fr_theta_power_precond;eeg_tright_lalpha_power_precond;eeg_tright_halpha_power_precond;eeg_tright_lbeta_power_precond;eeg_fm_lbeta_power_precond;eeg_faa_precond;eeg_ab_ratio_precond;eeg_tb_ratio_precond;eeg_ta_ratio_precond;eeg_fl_specent_precond;eeg_fm_specent_precond;hrv_rmssd_precond;hr_med_precond;hr_sd_precond;eda_med_precond;eda_sd_precond;pupil_full_pupil_mean_precond;pupil_full_pupil_sd_precond;pupil_full_pupil_asymmetry_precond"
2025-12-18 15:37:06.568092,5,"workload_label",10,1,1,1,0.575581395348837,0.0533669923120631,0.25,10,"top10","eeg_fl_hbeta_power_precond;eeg_fr_theta_power_precond;eeg_tright_lalpha_power_precond;eeg_tright_halpha_power_precond;eeg_tright_lbeta_power_precond;eeg_fm_lbeta_power_precond;eeg_faa_precond;eeg_ab_ratio_precond;eeg_tb_ratio_precond;eeg_ta_ratio_precond"
2025-12-18 15:37:16.744252,5,"workload_label",5,0.75,0.8,0.5,0.511627906976744,0.0533669923120631,0,5,"top5","eeg_fl_hbeta_power_precond;eeg_fr_theta_power_precond;eeg_tright_lalpha_power_precond;eeg_tright_halpha_power_precond;eeg_tright_lbeta_power_precond"
2025-12-18 15:37:27.594829,6,"workload_label",20,0.75,0.8,1,0.63953488372093,0.151991108295293,0.25,20,"top20","eeg_fl_theta_power_precond;eeg_fl_hbeta_power_precond;eeg_tleft_lalpha_power_precond;eeg_tright_halpha_power_precond;eeg_tright_lbeta_power_precond;eeg_faa_precond;eeg_ab_ratio_precond;eeg_tb_ratio_precond;eeg_ta_ratio_precond;eeg_fl_specent_precond;eeg_fm_specent_precond;hrv_rmssd_precond;hr_med_precond;hr_sd_precond;eda_med_precond;eda_sd_precond;pupil_full_pupil_mean_precond;pupil_full_pupil_sd_precond;pupil_full_pupil_asymmetry_precond;eda_peakarea_precond"
2025-12-18 15:37:37.899824,6,"workload_label",10,1,1,1,0.587209302325581,0.151991108295293,0.25,10,"top10","eeg_fl_theta_power_precond;eeg_fl_hbeta_power_precond;eeg_tleft_lalpha_power_precond;eeg_tright_halpha_power_precond;eeg_tright_lbeta_power_precond;eeg_faa_precond;eeg_ab_ratio_precond;eeg_tb_ratio_precond;eeg_ta_ratio_precond;eeg_fl_specent_precond"
2025-12-18 15:37:48.033346,6,"workload_label",5,1,1,1,0.511627906976744,1e-04,0,5,"top5","eeg_fl_theta_power_precond;eeg_fl_hbeta_power_precond;eeg_tleft_lalpha_power_precond;eeg_tright_halpha_power_precond;eeg_tright_lbeta_power_precond"
2025-12-18 15:37:58.845215,7,"workload_label",20,0.75,0.8,1,0.651162790697674,0.151991108295293,0.25,20,"top20","eeg_fl_theta_power_precond;eeg_fl_hbeta_power_precond;eeg_tleft_lalpha_power_precond;eeg_tright_halpha_power_precond;eeg_tright_lbeta_power_precond;eeg_faa_precond;eeg_ab_ratio_precond;eeg_tb_ratio_precond;eeg_ta_ratio_precond;eeg_fl_specent_precond;eeg_fm_specent_precond;hrv_rmssd_precond;hr_med_precond;hr_sd_precond;eda_med_precond;eda_sd_precond;pupil_full_pupil_mean_precond;pupil_full_pupil_sd_precond;pupil_full_pupil_asymmetry_precond;eda_peakarea_precond"
2025-12-18 15:38:09.077763,7,"workload_label",10,0.5,0.5,0.25,0.616279069767442,0.151991108295293,0.25,10,"top10","eeg_fl_theta_power_precond;eeg_fl_hbeta_power_precond;eeg_tleft_lalpha_power_precond;eeg_tright_halpha_power_precond;eeg_tright_lbeta_power_precond;eeg_faa_precond;eeg_ab_ratio_precond;eeg_tb_ratio_precond;eeg_ta_ratio_precond;eeg_fl_specent_precond"
2025-12-18 15:38:19.247477,7,"workload_label",5,1,1,1,0.534883720930233,0.0533669923120631,0,5,"top5","eeg_fl_theta_power_precond;eeg_fl_hbeta_power_precond;eeg_tleft_lalpha_power_precond;eeg_tright_halpha_power_precond;eeg_tright_lbeta_power_precond"
2025-12-18 15:38:30.084481,9,"workload_label",20,0.5,0.5,0.75,0.633720930232558,0.151991108295293,0.25,20,"top20","eeg_fl_theta_power_precond;eeg_fl_hbeta_power_precond;eeg_tleft_lalpha_power_precond;eeg_tright_halpha_power_precond;eeg_tright_lbeta_power_precond;eeg_faa_precond;eeg_ab_ratio_precond;eeg_tb_ratio_precond;eeg_ta_ratio_precond;eeg_fl_specent_precond;eeg_fm_specent_precond;hrv_rmssd_precond;hr_med_precond;hr_sd_precond;eda_med_precond;eda_sd_precond;pupil_full_pupil_mean_precond;pupil_full_pupil_sd_precond;pupil_full_pupil_asymmetry_precond;eda_peakarea_precond"
2025-12-18 15:38:40.337666,9,"workload_label",10,0.5,0.5,0.75,0.587209302325581,0.0533669923120631,0.25,10,"top10","eeg_fl_theta_power_precond;eeg_fl_hbeta_power_precond;eeg_tleft_lalpha_power_precond;eeg_tright_halpha_power_precond;eeg_tright_lbeta_power_precond;eeg_faa_precond;eeg_ab_ratio_precond;eeg_tb_ratio_precond;eeg_ta_ratio_precond;eeg_fl_specent_precond"
2025-12-18 15:38:50.460286,9,"workload_label",5,0.5,0.5,0.5,0.529069767441861,0.151991108295293,0,5,"top5","eeg_fl_theta_power_precond;eeg_fl_hbeta_power_precond;eeg_tleft_lalpha_power_precond;eeg_tright_halpha_power_precond;eeg_tright_lbeta_power_precond"
2025-12-18 15:39:01.309465,10,"workload_label",20,0.25,0,0.5,0.651162790697674,0.151991108295293,0.25,20,"top20","eeg_fl_theta_power_precond;eeg_fl_hbeta_power_precond;eeg_tleft_lalpha_power_precond;eeg_tright_halpha_power_precond;eeg_tright_lbeta_power_precond;eeg_fm_lbeta_power_precond;eeg_faa_precond;eeg_ab_ratio_precond;eeg_tb_ratio_precond;eeg_ta_ratio_precond;eeg_fl_specent_precond;eeg_fm_specent_precond;hrv_rmssd_precond;hr_med_precond;hr_sd_precond;eda_med_precond;eda_sd_precond;pupil_full_pupil_mean_precond;pupil_full_pupil_sd_precond;pupil_full_pupil_asymmetry_precond"
2025-12-18 15:39:11.560022,10,"workload_label",10,0.5,0.5,0.5,0.593023255813954,0.151991108295293,0.25,10,"top10","eeg_fl_theta_power_precond;eeg_fl_hbeta_power_precond;eeg_tleft_lalpha_power_precond;eeg_tright_halpha_power_precond;eeg_tright_lbeta_power_precond;eeg_fm_lbeta_power_precond;eeg_faa_precond;eeg_ab_ratio_precond;eeg_tb_ratio_precond;eeg_ta_ratio_precond"
2025-12-18 15:39:21.756329,10,"workload_label",5,0.5,0.5,0.75,0.517441860465116,1e-04,0,5,"top5","eeg_fl_theta_power_precond;eeg_fl_hbeta_power_precond;eeg_tleft_lalpha_power_precond;eeg_tright_halpha_power_precond;eeg_tright_lbeta_power_precond"
2025-12-18 15:39:32.580035,11,"workload_label",20,0.5,0.5,0.75,0.633720930232558,0.0187381742286038,0.75,20,"top20","eeg_fl_theta_power_precond;eeg_fl_hbeta_power_precond;eeg_tright_lalpha_power_precond;eeg_tright_halpha_power_precond;eeg_tright_lbeta_power_precond;eeg_faa_precond;eeg_ab_ratio_precond;eeg_tb_ratio_precond;eeg_ta_ratio_precond;eeg_fl_specent_precond;eeg_fm_specent_precond;hrv_rmssd_precond;hr_med_precond;hr_sd_precond;eda_med_precond;eda_sd_precond;pupil_full_pupil_mean_precond;pupil_full_pupil_sd_precond;pupil_full_pupil_asymmetry_precond;eda_peakarea_precond"
2025-12-18 15:39:42.829907,11,"workload_label",10,1,1,1,0.581395348837209,0.151991108295293,0.25,10,"top10","eeg_fl_theta_power_precond;eeg_fl_hbeta_power_precond;eeg_tright_lalpha_power_precond;eeg_tright_halpha_power_precond;eeg_tright_lbeta_power_precond;eeg_faa_precond;eeg_ab_ratio_precond;eeg_tb_ratio_precond;eeg_ta_ratio_precond;eeg_fl_specent_precond"
2025-12-18 15:39:52.99592,11,"workload_label",5,0.5,0.5,0.5,0.482558139534884,0.0187381742286038,0.5,5,"top5","eeg_fl_theta_power_precond;eeg_fl_hbeta_power_precond;eeg_tright_lalpha_power_precond;eeg_tright_halpha_power_precond;eeg_tright_lbeta_power_precond"
2025-12-18 15:40:03.82885,12,"workload_label",20,0.75,0.666666666666667,0.5,0.627906976744186,0.151991108295293,0.25,20,"top20","eeg_fl_theta_power_precond;eeg_fl_hbeta_power_precond;eeg_tleft_lalpha_power_precond;eeg_tright_halpha_power_precond;eeg_tright_lbeta_power_precond;eeg_fm_lbeta_power_precond;eeg_faa_precond;eeg_ab_ratio_precond;eeg_tb_ratio_precond;eeg_ta_ratio_precond;eeg_fl_specent_precond;eeg_fm_specent_precond;hrv_rmssd_precond;hr_med_precond;hr_sd_precond;eda_med_precond;eda_sd_precond;pupil_full_pupil_sd_precond;pupil_full_pupil_mean_precond;pupil_full_pupil_asymmetry_precond"
2025-12-18 15:40:14.085459,12,"workload_label",10,0.5,0.5,0.5,0.587209302325581,0.0533669923120631,0.5,10,"top10","eeg_fl_theta_power_precond;eeg_fl_hbeta_power_precond;eeg_tleft_lalpha_power_precond;eeg_tright_halpha_power_precond;eeg_tright_lbeta_power_precond;eeg_fm_lbeta_power_precond;eeg_faa_precond;eeg_ab_ratio_precond;eeg_tb_ratio_precond;eeg_ta_ratio_precond"
2025-12-18 15:40:24.294631,12,"workload_label",5,0.5,0.5,0.5,0.523255813953488,0.00657933224657568,1,5,"top5","eeg_fl_theta_power_precond;eeg_fl_hbeta_power_precond;eeg_tleft_lalpha_power_precond;eeg_tright_halpha_power_precond;eeg_tright_lbeta_power_precond"
2025-12-18 15:40:35.121849,13,"workload_label",20,0.75,0.8,1,0.604651162790698,0.432876128108306,0,20,"top20","eeg_fl_theta_power_precond;eeg_fl_hbeta_power_precond;eeg_tleft_lalpha_power_precond;eeg_tright_halpha_power_precond;eeg_tright_lbeta_power_precond;eeg_faa_precond;eeg_ab_ratio_precond;eeg_tb_ratio_precond;eeg_ta_ratio_precond;eeg_fl_specent_precond;eeg_fm_specent_precond;hrv_rmssd_precond;hr_med_precond;hr_sd_precond;eda_med_precond;eda_sd_precond;pupil_full_pupil_mean_precond;pupil_full_pupil_sd_precond;pupil_full_pupil_asymmetry_precond;eda_peakarea_precond"
2025-12-18 15:40:45.387585,13,"workload_label",10,1,1,1,0.558139534883721,0.0533669923120631,0.75,10,"top10","eeg_fl_theta_power_precond;eeg_fl_hbeta_power_precond;eeg_tleft_lalpha_power_precond;eeg_tright_halpha_power_precond;eeg_tright_lbeta_power_precond;eeg_faa_precond;eeg_ab_ratio_precond;eeg_tb_ratio_precond;eeg_ta_ratio_precond;eeg_fl_specent_precond"
2025-12-18 15:40:55.548246,13,"workload_label",5,0,0,0,0.517441860465116,0.0533669923120631,1,5,"top5","eeg_fl_theta_power_precond;eeg_fl_hbeta_power_precond;eeg_tleft_lalpha_power_precond;eeg_tright_halpha_power_precond;eeg_tright_lbeta_power_precond"
2025-12-18 15:41:06.402633,15,"workload_label",20,0.5,0.5,0.25,0.63953488372093,0.151991108295293,0.25,20,"top20","eeg_fl_theta_power_precond;eeg_fl_hbeta_power_precond;eeg_tleft_lalpha_power_precond;eeg_tleft_lbeta_power_precond;eeg_tright_halpha_power_precond;eeg_fm_lbeta_power_precond;eeg_faa_precond;eeg_ab_ratio_precond;eeg_tb_ratio_precond;eeg_ta_ratio_precond;eeg_fl_specent_precond;eeg_fm_specent_precond;hrv_rmssd_precond;hr_med_precond;hr_sd_precond;eda_med_precond;eda_sd_precond;pupil_full_pupil_mean_precond;pupil_full_pupil_sd_precond;pupil_full_pupil_asymmetry_precond"
2025-12-18 15:41:16.707638,15,"workload_label",10,1,1,1,0.575581395348837,0.151991108295293,0.25,10,"top10","eeg_fl_theta_power_precond;eeg_fl_hbeta_power_precond;eeg_tleft_lalpha_power_precond;eeg_tleft_lbeta_power_precond;eeg_tright_halpha_power_precond;eeg_fm_lbeta_power_precond;eeg_faa_precond;eeg_ab_ratio_precond;eeg_tb_ratio_precond;eeg_ta_ratio_precond"
2025-12-18 15:41:26.857357,15,"workload_label",5,0.5,0.5,0.5,0.552325581395349,1.23284673944207,0,5,"top5","eeg_fl_theta_power_precond;eeg_fl_hbeta_power_precond;eeg_tleft_lalpha_power_precond;eeg_tleft_lbeta_power_precond;eeg_tright_halpha_power_precond"
2025-12-18 15:41:37.639849,16,"workload_label",20,0.75,0.666666666666667,0.5,0.616279069767442,0.0533669923120631,0.75,20,"top20","eeg_fl_theta_power_precond;eeg_fl_hbeta_power_precond;eeg_tright_lalpha_power_precond;eeg_tright_halpha_power_precond;eeg_tright_lbeta_power_precond;eeg_faa_precond;eeg_ab_ratio_precond;eeg_tb_ratio_precond;eeg_ta_ratio_precond;eeg_fl_specent_precond;eeg_fm_specent_precond;hrv_rmssd_precond;hr_med_precond;hr_sd_precond;eda_med_precond;eda_sd_precond;pupil_full_pupil_sd_precond;pupil_full_pupil_mean_precond;pupil_full_pupil_asymmetry_precond;eda_peakarea_precond"
2025-12-18 15:41:47.892114,16,"workload_label",10,0.5,0.5,0.5,0.593023255813954,0.0533669923120631,0.5,10,"top10","eeg_fl_theta_power_precond;eeg_fl_hbeta_power_precond;eeg_tright_lalpha_power_precond;eeg_tright_halpha_power_precond;eeg_tright_lbeta_power_precond;eeg_faa_precond;eeg_ab_ratio_precond;eeg_tb_ratio_precond;eeg_ta_ratio_precond;eeg_fl_specent_precond"
2025-12-18 15:41:58.053623,16,"workload_label",5,0,0,0,0.529069767441861,0.151991108295293,0,5,"top5","eeg_fl_theta_power_precond;eeg_fl_hbeta_power_precond;eeg_tright_lalpha_power_precond;eeg_tright_halpha_power_precond;eeg_tright_lbeta_power_precond"
2025-12-18 15:42:08.866684,17,"workload_label",20,0.25,0,0.5,0.633720930232558,0.0533669923120631,0.5,20,"top20","eeg_fl_theta_power_precond;eeg_fl_hbeta_power_precond;eeg_tleft_lalpha_power_precond;eeg_tleft_lbeta_power_precond;eeg_tright_halpha_power_precond;eeg_fm_lbeta_power_precond;eeg_faa_precond;eeg_ab_ratio_precond;eeg_tb_ratio_precond;eeg_ta_ratio_precond;eeg_fl_specent_precond;eeg_fm_specent_precond;hrv_rmssd_precond;hr_med_precond;hr_sd_precond;eda_med_precond;eda_sd_precond;pupil_full_pupil_mean_precond;pupil_full_pupil_sd_precond;pupil_full_pupil_asymmetry_precond"
2025-12-18 15:42:19.149516,17,"workload_label",10,0.5,0.5,0.5,0.575581395348837,0.0533669923120631,0.5,10,"top10","eeg_fl_theta_power_precond;eeg_fl_hbeta_power_precond;eeg_tleft_lalpha_power_precond;eeg_tleft_lbeta_power_precond;eeg_tright_halpha_power_precond;eeg_fm_lbeta_power_precond;eeg_faa_precond;eeg_ab_ratio_precond;eeg_tb_ratio_precond;eeg_ta_ratio_precond"
2025-12-18 15:42:29.283376,17,"workload_label",5,0.5,0.5,0.5,0.552325581395349,3.51119173421513,0,5,"top5","eeg_fl_theta_power_precond;eeg_fl_hbeta_power_precond;eeg_tleft_lalpha_power_precond;eeg_tleft_lbeta_power_precond;eeg_tright_halpha_power_precond"
2025-12-18 15:42:40.145804,18,"workload_label",20,0.5,0.5,0.25,0.651162790697674,0.151991108295293,0.5,20,"top20","eeg_fl_theta_power_precond;eeg_fl_hbeta_power_precond;eeg_tleft_lalpha_power_precond;eeg_tright_halpha_power_precond;eeg_tright_lbeta_power_precond;eeg_fm_lbeta_power_precond;eeg_faa_precond;eeg_ab_ratio_precond;eeg_tb_ratio_precond;eeg_ta_ratio_precond;eeg_fl_specent_precond;eeg_fm_specent_precond;hrv_rmssd_precond;hr_med_precond;hr_sd_precond;eda_med_precond;eda_sd_precond;pupil_full_pupil_mean_precond;pupil_full_pupil_sd_precond;pupil_full_pupil_asymmetry_precond"
2025-12-18 15:42:50.429063,18,"workload_label",10,0.5,0.5,0.25,0.581395348837209,0.0533669923120631,0.5,10,"top10","eeg_fl_theta_power_precond;eeg_fl_hbeta_power_precond;eeg_tleft_lalpha_power_precond;eeg_tright_halpha_power_precond;eeg_tright_lbeta_power_precond;eeg_fm_lbeta_power_precond;eeg_faa_precond;eeg_ab_ratio_precond;eeg_tb_ratio_precond;eeg_ta_ratio_precond"
2025-12-18 15:43:00.578657,18,"workload_label",5,0.25,0.4,0.25,0.523255813953488,0.00657933224657568,1,5,"top5","eeg_fl_theta_power_precond;eeg_fl_hbeta_power_precond;eeg_tleft_lalpha_power_precond;eeg_tright_halpha_power_precond;eeg_tright_lbeta_power_precond"
2025-12-18 15:43:11.397344,19,"workload_label",20,1,1,1,0.63953488372093,0.151991108295293,0.5,20,"top20","eeg_fl_theta_power_precond;eeg_fl_hbeta_power_precond;eeg_tleft_lalpha_power_precond;eeg_tright_halpha_power_precond;eeg_tright_lbeta_power_precond;eeg_faa_precond;eeg_ab_ratio_precond;eeg_tb_ratio_precond;eeg_ta_ratio_precond;eeg_fl_specent_precond;eeg_fm_specent_precond;hrv_rmssd_precond;hr_med_precond;hr_sd_precond;eda_med_precond;eda_sd_precond;pupil_full_pupil_mean_precond;pupil_full_pupil_sd_precond;pupil_full_pupil_asymmetry_precond;eda_peakarea_precond"
2025-12-18 15:43:21.635721,19,"workload_label",10,0.75,0.666666666666667,1,0.587209302325581,0.151991108295293,0.25,10,"top10","eeg_fl_theta_power_precond;eeg_fl_hbeta_power_precond;eeg_tleft_lalpha_power_precond;eeg_tright_halpha_power_precond;eeg_tright_lbeta_power_precond;eeg_faa_precond;eeg_ab_ratio_precond;eeg_tb_ratio_precond;eeg_ta_ratio_precond;eeg_fl_specent_precond"
2025-12-18 15:43:31.76785,19,"workload_label",5,0.5,0.5,0.75,0.505813953488372,0.00657933224657568,0.75,5,"top5","eeg_fl_theta_power_precond;eeg_fl_hbeta_power_precond;eeg_tleft_lalpha_power_precond;eeg_tright_halpha_power_precond;eeg_tright_lbeta_power_precond"
2025-12-18 15:43:42.548381,20,"workload_label",20,1,1,1,0.63953488372093,0.151991108295293,0.5,20,"top20","eeg_fl_theta_power_precond;eeg_fl_hbeta_power_precond;eeg_tleft_lalpha_power_precond;eeg_tright_halpha_power_precond;eeg_tright_lbeta_power_precond;eeg_faa_precond;eeg_ab_ratio_precond;eeg_tb_ratio_precond;eeg_ta_ratio_precond;eeg_fl_specent_precond;eeg_fm_specent_precond;hrv_rmssd_precond;hr_med_precond;hr_sd_precond;eda_med_precond;eda_sd_precond;pupil_full_pupil_mean_precond;pupil_full_pupil_sd_precond;pupil_full_pupil_asymmetry_precond;eda_peakarea_precond"
2025-12-18 15:43:52.830707,20,"workload_label",10,1,1,1,0.569767441860465,0.151991108295293,0.25,10,"top10","eeg_fl_theta_power_precond;eeg_fl_hbeta_power_precond;eeg_tleft_lalpha_power_precond;eeg_tright_halpha_power_precond;eeg_tright_lbeta_power_precond;eeg_faa_precond;eeg_ab_ratio_precond;eeg_tb_ratio_precond;eeg_ta_ratio_precond;eeg_fl_specent_precond"
2025-12-18 15:44:02.982641,20,"workload_label",5,1,1,1,0.494186046511628,0.00657933224657568,0.75,5,"top5","eeg_fl_theta_power_precond;eeg_fl_hbeta_power_precond;eeg_tleft_lalpha_power_precond;eeg_tright_halpha_power_precond;eeg_tright_lbeta_power_precond"
2025-12-18 15:44:13.800079,21,"workload_label",20,0.5,0.5,0.75,0.656976744186046,0.151991108295293,0.5,20,"top20","eeg_fl_theta_power_precond;eeg_fl_hbeta_power_precond;eeg_tleft_lalpha_power_precond;eeg_tright_halpha_power_precond;eeg_tright_lbeta_power_precond;eeg_fm_lbeta_power_precond;eeg_faa_precond;eeg_ab_ratio_precond;eeg_tb_ratio_precond;eeg_ta_ratio_precond;eeg_fl_specent_precond;eeg_fm_specent_precond;hrv_rmssd_precond;hr_med_precond;hr_sd_precond;eda_med_precond;eda_sd_precond;pupil_full_pupil_mean_precond;pupil_full_pupil_sd_precond;pupil_full_pupil_asymmetry_precond"
2025-12-18 15:44:24.103112,21,"workload_label",10,0.5,0.5,0.5,0.581395348837209,0.0533669923120631,0.5,10,"top10","eeg_fl_theta_power_precond;eeg_fl_hbeta_power_precond;eeg_tleft_lalpha_power_precond;eeg_tright_halpha_power_precond;eeg_tright_lbeta_power_precond;eeg_fm_lbeta_power_precond;eeg_faa_precond;eeg_ab_ratio_precond;eeg_tb_ratio_precond;eeg_ta_ratio_precond"
2025-12-18 15:44:34.271854,21,"workload_label",5,0.25,0,0.5,0.511627906976744,0.00231012970008316,0.75,5,"top5","eeg_fl_theta_power_precond;eeg_fl_hbeta_power_precond;eeg_tleft_lalpha_power_precond;eeg_tright_halpha_power_precond;eeg_tright_lbeta_power_precond"
2025-12-18 15:44:45.051793,22,"workload_label",20,0.75,0.666666666666667,1,0.633720930232558,0.151991108295293,0.25,20,"top20","eeg_fl_theta_power_precond;eeg_fl_hbeta_power_precond;eeg_tleft_lalpha_power_precond;eeg_tright_halpha_power_precond;eeg_tright_lbeta_power_precond;eeg_faa_precond;eeg_ab_ratio_precond;eeg_tb_ratio_precond;eeg_ta_ratio_precond;eeg_fl_specent_precond;eeg_fm_specent_precond;hrv_rmssd_precond;hr_med_precond;hr_sd_precond;eda_med_precond;eda_sd_precond;pupil_full_pupil_mean_precond;pupil_full_pupil_sd_precond;pupil_full_pupil_asymmetry_precond;eda_peakarea_precond"
2025-12-18 15:44:55.28828,22,"workload_label",10,0.75,0.8,1,0.598837209302326,0.151991108295293,0.25,10,"top10","eeg_fl_theta_power_precond;eeg_fl_hbeta_power_precond;eeg_tleft_lalpha_power_precond;eeg_tright_halpha_power_precond;eeg_tright_lbeta_power_precond;eeg_faa_precond;eeg_ab_ratio_precond;eeg_tb_ratio_precond;eeg_ta_ratio_precond;eeg_fl_specent_precond"
2025-12-18 15:45:05.4239,22,"workload_label",5,0,0,0,0.517441860465116,0.0533669923120631,0,5,"top5","eeg_fl_theta_power_precond;eeg_fl_hbeta_power_precond;eeg_tleft_lalpha_power_precond;eeg_tright_halpha_power_precond;eeg_tright_lbeta_power_precond"
2025-12-18 15:45:16.213222,23,"workload_label",20,0.75,0.666666666666667,1,0.63953488372093,0.151991108295293,0.5,20,"top20","eeg_fl_theta_power_precond;eeg_fl_hbeta_power_precond;eeg_tleft_lalpha_power_precond;eeg_tright_halpha_power_precond;eeg_tright_lbeta_power_precond;eeg_faa_precond;eeg_ab_ratio_precond;eeg_tb_ratio_precond;eeg_ta_ratio_precond;eeg_fl_specent_precond;eeg_fm_specent_precond;hrv_rmssd_precond;hr_med_precond;hr_sd_precond;eda_med_precond;eda_sd_precond;pupil_full_pupil_mean_precond;pupil_full_pupil_sd_precond;pupil_full_pupil_asymmetry_precond;eda_peakarea_precond"
2025-12-18 15:45:26.478494,23,"workload_label",10,0.5,0.5,0.5,0.593023255813954,0.151991108295293,0.25,10,"top10","eeg_fl_theta_power_precond;eeg_fl_hbeta_power_precond;eeg_tleft_lalpha_power_precond;eeg_tright_halpha_power_precond;eeg_tright_lbeta_power_precond;eeg_faa_precond;eeg_ab_ratio_precond;eeg_tb_ratio_precond;eeg_ta_ratio_precond;eeg_fl_specent_precond"
2025-12-18 15:45:36.632746,23,"workload_label",5,0.5,0.5,0.5,0.534883720930233,0.0533669923120631,0,5,"top5","eeg_fl_theta_power_precond;eeg_fl_hbeta_power_precond;eeg_tleft_lalpha_power_precond;eeg_tright_halpha_power_precond;eeg_tright_lbeta_power_precond"
2025-12-18 15:45:47.377086,24,"workload_label",20,1,1,1,0.593023255813954,0.0533669923120631,1,20,"top20","eeg_fl_theta_power_precond;eeg_fl_hbeta_power_precond;eeg_tleft_halpha_power_precond;eeg_tright_lbeta_power_precond;eeg_faa_precond;eeg_ab_ratio_precond;eeg_tb_ratio_precond;eeg_ta_ratio_precond;eeg_fl_specent_precond;eeg_fm_specent_precond;hrv_rmssd_precond;hr_med_precond;hr_sd_precond;eda_med_precond;eda_sd_precond;eda_pkrate_precond;eda_peakarea_precond;pupil_full_pupil_mean_precond;pupil_full_pupil_sd_precond;pupil_full_pupil_asymmetry_precond"
2025-12-18 15:45:57.627242,24,"workload_label",10,1,1,1,0.581395348837209,0.151991108295293,0.25,10,"top10","eeg_fl_theta_power_precond;eeg_fl_hbeta_power_precond;eeg_tleft_halpha_power_precond;eeg_tright_lbeta_power_precond;eeg_faa_precond;eeg_ab_ratio_precond;eeg_tb_ratio_precond;eeg_ta_ratio_precond;eeg_fl_specent_precond;eeg_fm_specent_precond"
2025-12-18 15:46:07.793394,24,"workload_label",5,0.75,0.666666666666667,0.75,0.546511627906977,3.51119173421513,0,5,"top5","eeg_fl_theta_power_precond;eeg_fl_hbeta_power_precond;eeg_tleft_halpha_power_precond;eeg_tright_lbeta_power_precond;eeg_faa_precond"
2025-12-18 15:46:18.593695,25,"workload_label",20,0.75,0.666666666666667,1,0.633720930232558,0.0533669923120631,1,20,"top20","eeg_fl_theta_power_precond;eeg_fl_hbeta_power_precond;eeg_tleft_lalpha_power_precond;eeg_tright_halpha_power_precond;eeg_tright_lbeta_power_precond;eeg_faa_precond;eeg_tb_ratio_precond;eeg_ta_ratio_precond;eeg_fl_specent_precond;eeg_fm_specent_precond;hrv_rmssd_precond;hr_med_precond;hr_sd_precond;eda_med_precond;eda_sd_precond;eda_pkrate_precond;eda_peakarea_precond;pupil_full_pupil_mean_precond;pupil_full_pupil_sd_precond;pupil_full_pupil_asymmetry_precond"
2025-12-18 15:46:28.859343,25,"workload_label",10,0.75,0.666666666666667,0.75,0.569767441860465,0.151991108295293,0.25,10,"top10","eeg_fl_theta_power_precond;eeg_fl_hbeta_power_precond;eeg_tleft_lalpha_power_precond;eeg_tright_halpha_power_precond;eeg_tright_lbeta_power_precond;eeg_faa_precond;eeg_tb_ratio_precond;eeg_ta_ratio_precond;eeg_fl_specent_precond;eeg_fm_specent_precond"
2025-12-18 15:46:39.036612,25,"workload_label",5,0,0,0,0.569767441860465,0.0533669923120631,1,5,"top5","eeg_fl_theta_power_precond;eeg_fl_hbeta_power_precond;eeg_tleft_lalpha_power_precond;eeg_tright_halpha_power_precond;eeg_tright_lbeta_power_precond"
2025-12-18 15:46:49.83158,26,"workload_label",20,0.5,0.5,0.5,0.668604651162791,0.0533669923120631,1,20,"top20","eeg_fl_theta_power_precond;eeg_fl_hbeta_power_precond;eeg_tleft_lalpha_power_precond;eeg_tright_halpha_power_precond;eeg_tright_lbeta_power_precond;eeg_faa_precond;eeg_tb_ratio_precond;eeg_ta_ratio_precond;eeg_fl_specent_precond;eeg_fm_specent_precond;hrv_rmssd_precond;hr_med_precond;hr_sd_precond;eda_med_precond;eda_sd_precond;eda_pkrate_precond;eda_peakarea_precond;pupil_full_pupil_mean_precond;pupil_full_pupil_sd_precond;pupil_full_pupil_asymmetry_precond"
2025-12-18 15:47:00.105956,26,"workload_label",10,0.25,0.4,0,0.616279069767442,0.0533669923120631,0.5,10,"top10","eeg_fl_theta_power_precond;eeg_fl_hbeta_power_precond;eeg_tleft_lalpha_power_precond;eeg_tright_halpha_power_precond;eeg_tright_lbeta_power_precond;eeg_faa_precond;eeg_tb_ratio_precond;eeg_ta_ratio_precond;eeg_fl_specent_precond;eeg_fm_specent_precond"
2025-12-18 15:47:10.27766,26,"workload_label",5,0.25,0.4,0.5,0.494186046511628,0.00231012970008316,0,5,"top5","eeg_fl_theta_power_precond;eeg_fl_hbeta_power_precond;eeg_tleft_lalpha_power_precond;eeg_tright_halpha_power_precond;eeg_tright_lbeta_power_precond"
2025-12-18 15:47:21.036576,27,"workload_label",20,0.75,0.666666666666667,0.75,0.622093023255814,0.151991108295293,0.25,20,"top20","eeg_fl_theta_power_precond;eeg_fl_hbeta_power_precond;eeg_tleft_lalpha_power_precond;eeg_tright_halpha_power_precond;eeg_tright_lbeta_power_precond;eeg_faa_precond;eeg_ab_ratio_precond;eeg_tb_ratio_precond;eeg_ta_ratio_precond;eeg_fl_specent_precond;eeg_fm_specent_precond;hrv_rmssd_precond;hr_med_precond;hr_sd_precond;eda_med_precond;eda_sd_precond;pupil_full_pupil_mean_precond;pupil_full_pupil_sd_precond;pupil_full_pupil_asymmetry_precond;eda_peakarea_precond"
2025-12-18 15:47:31.305912,27,"workload_label",10,0.75,0.666666666666667,1,0.593023255813954,0.151991108295293,0.25,10,"top10","eeg_fl_theta_power_precond;eeg_fl_hbeta_power_precond;eeg_tleft_lalpha_power_precond;eeg_tright_halpha_power_precond;eeg_tright_lbeta_power_precond;eeg_faa_precond;eeg_ab_ratio_precond;eeg_tb_ratio_precond;eeg_ta_ratio_precond;eeg_fl_specent_precond"
2025-12-18 15:47:41.483922,27,"workload_label",5,0.5,0.5,0.25,0.523255813953488,1e-04,0,5,"top5","eeg_fl_theta_power_precond;eeg_fl_hbeta_power_precond;eeg_tleft_lalpha_power_precond;eeg_tright_halpha_power_precond;eeg_tright_lbeta_power_precond"
2025-12-18 15:47:52.237338,28,"workload_label",20,0.25,0,0.5,0.627906976744186,0.0533669923120631,0.75,20,"top20","eeg_fl_theta_power_precond;eeg_fl_hbeta_power_precond;eeg_tleft_lalpha_power_precond;eeg_tright_halpha_power_precond;eeg_tright_lbeta_power_precond;eeg_faa_precond;eeg_ab_ratio_precond;eeg_tb_ratio_precond;eeg_ta_ratio_precond;eeg_fl_specent_precond;eeg_fm_specent_precond;hrv_rmssd_precond;hr_med_precond;hr_sd_precond;eda_med_precond;eda_sd_precond;pupil_full_pupil_mean_precond;pupil_full_pupil_sd_precond;pupil_full_pupil_asymmetry_precond;eda_peakarea_precond"
2025-12-18 15:48:02.506554,28,"workload_label",10,0.5,0.5,0.5,0.569767441860465,0.0533669923120631,0.75,10,"top10","eeg_fl_theta_power_precond;eeg_fl_hbeta_power_precond;eeg_tleft_lalpha_power_precond;eeg_tright_halpha_power_precond;eeg_tright_lbeta_power_precond;eeg_faa_precond;eeg_ab_ratio_precond;eeg_tb_ratio_precond;eeg_ta_ratio_precond;eeg_fl_specent_precond"
2025-12-18 15:48:12.673581,28,"workload_label",5,0.5,0.5,0.5,0.511627906976744,0.00231012970008316,0,5,"top5","eeg_fl_theta_power_precond;eeg_fl_hbeta_power_precond;eeg_tleft_lalpha_power_precond;eeg_tright_halpha_power_precond;eeg_tright_lbeta_power_precond"
2025-12-18 15:48:23.494983,29,"workload_label",20,0.5,0.5,0.5,0.651162790697674,0.151991108295293,0.5,20,"top20","eeg_fl_theta_power_precond;eeg_fl_hbeta_power_precond;eeg_tleft_lalpha_power_precond;eeg_tright_halpha_power_precond;eeg_tright_lbeta_power_precond;eeg_fm_lbeta_power_precond;eeg_faa_precond;eeg_ab_ratio_precond;eeg_tb_ratio_precond;eeg_ta_ratio_precond;eeg_fl_specent_precond;eeg_fm_specent_precond;hrv_rmssd_precond;hr_med_precond;hr_sd_precond;eda_med_precond;eda_sd_precond;pupil_full_pupil_mean_precond;pupil_full_pupil_sd_precond;pupil_full_pupil_asymmetry_precond"
2025-12-18 15:48:33.720455,29,"workload_label",10,0.5,0.5,0.25,0.587209302325581,0.0533669923120631,0.5,10,"top10","eeg_fl_theta_power_precond;eeg_fl_hbeta_power_precond;eeg_tleft_lalpha_power_precond;eeg_tright_halpha_power_precond;eeg_tright_lbeta_power_precond;eeg_fm_lbeta_power_precond;eeg_faa_precond;eeg_ab_ratio_precond;eeg_tb_ratio_precond;eeg_ta_ratio_precond"
2025-12-18 15:48:43.829496,29,"workload_label",5,0.75,0.666666666666667,0.5,0.534883720930233,1e-04,0,5,"top5","eeg_fl_theta_power_precond;eeg_fl_hbeta_power_precond;eeg_tleft_lalpha_power_precond;eeg_tright_halpha_power_precond;eeg_tright_lbeta_power_precond"
2025-12-18 15:48:54.625106,30,"workload_label",20,1,1,1,0.616279069767442,0.0533669923120631,0.75,20,"top20","eeg_fl_theta_power_precond;eeg_fl_hbeta_power_precond;eeg_tleft_lalpha_power_precond;eeg_tright_halpha_power_precond;eeg_tright_lbeta_power_precond;eeg_faa_precond;eeg_ab_ratio_precond;eeg_tb_ratio_precond;eeg_ta_ratio_precond;eeg_fl_specent_precond;eeg_fm_specent_precond;hrv_rmssd_precond;hr_med_precond;hr_sd_precond;eda_med_precond;eda_sd_precond;pupil_full_pupil_mean_precond;pupil_full_pupil_sd_precond;pupil_full_pupil_asymmetry_precond;eda_peakarea_precond"
2025-12-18 15:49:04.928973,30,"workload_label",10,0.5,0.5,0.75,0.575581395348837,0.0533669923120631,0.5,10,"top10","eeg_fl_theta_power_precond;eeg_fl_hbeta_power_precond;eeg_tleft_lalpha_power_precond;eeg_tright_halpha_power_precond;eeg_tright_lbeta_power_precond;eeg_faa_precond;eeg_ab_ratio_precond;eeg_tb_ratio_precond;eeg_ta_ratio_precond;eeg_fl_specent_precond"
2025-12-18 15:49:15.252432,30,"workload_label",5,1,1,1,0.476744186046512,1e-04,0,5,"top5","eeg_fl_theta_power_precond;eeg_fl_hbeta_power_precond;eeg_tleft_lalpha_power_precond;eeg_tright_halpha_power_precond;eeg_tright_lbeta_power_precond"
2025-12-18 15:49:25.879138,31,"workload_label",20,1,1,1,0.598837209302326,0.0533669923120631,0.25,20,"top20","eeg_fl_theta_power_precond;eeg_fl_hbeta_power_precond;eeg_tright_lalpha_power_precond;eeg_tright_halpha_power_precond;eeg_tright_lbeta_power_precond;eeg_faa_precond;eeg_ab_ratio_precond;eeg_tb_ratio_precond;eeg_ta_ratio_precond;eeg_fl_specent_precond;eeg_fm_specent_precond;hrv_rmssd_precond;hr_med_precond;hr_sd_precond;eda_med_precond;eda_sd_precond;pupil_full_pupil_sd_precond;pupil_full_pupil_mean_precond;pupil_full_pupil_asymmetry_precond;eda_peakarea_precond"
2025-12-18 15:49:36.157511,31,"workload_label",10,1,1,1,0.593023255813954,0.0533669923120631,0.25,10,"top10","eeg_fl_theta_power_precond;eeg_fl_hbeta_power_precond;eeg_tright_lalpha_power_precond;eeg_tright_halpha_power_precond;eeg_tright_lbeta_power_precond;eeg_faa_precond;eeg_ab_ratio_precond;eeg_tb_ratio_precond;eeg_ta_ratio_precond;eeg_fl_specent_precond"
2025-12-18 15:49:46.469012,31,"workload_label",5,0.75,0.8,0.75,0.505813953488372,1e-04,0,5,"top5","eeg_fl_theta_power_precond;eeg_fl_hbeta_power_precond;eeg_tright_lalpha_power_precond;eeg_tright_halpha_power_precond;eeg_tright_lbeta_power_precond"
2025-12-18 15:49:57.157958,32,"workload_label",20,0,0,0,0.674418604651163,0.151991108295293,0.5,20,"top20","eeg_fl_theta_power_precond;eeg_fl_hbeta_power_precond;eeg_tright_lalpha_power_precond;eeg_tright_halpha_power_precond;eeg_tright_lbeta_power_precond;eeg_fm_lbeta_power_precond;eeg_faa_precond;eeg_ab_ratio_precond;eeg_tb_ratio_precond;eeg_ta_ratio_precond;eeg_fl_specent_precond;eeg_fm_specent_precond;hrv_rmssd_precond;hr_med_precond;hr_sd_precond;eda_med_precond;eda_sd_precond;pupil_full_pupil_mean_precond;pupil_full_pupil_sd_precond;pupil_full_pupil_asymmetry_precond"
2025-12-18 15:50:07.456108,32,"workload_label",10,0,0,0,0.604651162790698,0.432876128108306,0,10,"top10","eeg_fl_theta_power_precond;eeg_fl_hbeta_power_precond;eeg_tright_lalpha_power_precond;eeg_tright_halpha_power_precond;eeg_tright_lbeta_power_precond;eeg_fm_lbeta_power_precond;eeg_faa_precond;eeg_ab_ratio_precond;eeg_tb_ratio_precond;eeg_ta_ratio_precond"
2025-12-18 15:50:17.783617,32,"workload_label",5,0,0,0,0.563953488372093,0.0533669923120631,1,5,"top5","eeg_fl_theta_power_precond;eeg_fl_hbeta_power_precond;eeg_tright_lalpha_power_precond;eeg_tright_halpha_power_precond;eeg_tright_lbeta_power_precond"
2025-12-18 15:50:28.423781,33,"workload_label",20,0.5,0.5,0.75,0.63953488372093,0.151991108295293,0.5,20,"top20","eeg_fl_theta_power_precond;eeg_fl_hbeta_power_precond;eeg_tleft_lalpha_power_precond;eeg_tright_halpha_power_precond;eeg_tright_lbeta_power_precond;eeg_faa_precond;eeg_ab_ratio_precond;eeg_tb_ratio_precond;eeg_ta_ratio_precond;eeg_fl_specent_precond;eeg_fm_specent_precond;hrv_rmssd_precond;hr_med_precond;hr_sd_precond;eda_med_precond;eda_sd_precond;pupil_full_pupil_mean_precond;pupil_full_pupil_sd_precond;pupil_full_pupil_asymmetry_precond;eda_peakarea_precond"
2025-12-18 15:50:38.734137,33,"workload_label",10,0.5,0.5,0.75,0.604651162790698,0.151991108295293,0.25,10,"top10","eeg_fl_theta_power_precond;eeg_fl_hbeta_power_precond;eeg_tleft_lalpha_power_precond;eeg_tright_halpha_power_precond;eeg_tright_lbeta_power_precond;eeg_faa_precond;eeg_ab_ratio_precond;eeg_tb_ratio_precond;eeg_ta_ratio_precond;eeg_fl_specent_precond"
2025-12-18 15:50:49.014088,33,"workload_label",5,0.75,0.666666666666667,0.5,0.494186046511628,0.0533669923120631,0,5,"top5","eeg_fl_theta_power_precond;eeg_fl_hbeta_power_precond;eeg_tleft_lalpha_power_precond;eeg_tright_halpha_power_precond;eeg_tright_lbeta_power_precond"
2025-12-18 15:50:59.676314,34,"workload_label",20,0.25,0,0,0.622093023255814,0.0533669923120631,0.5,20,"top20","eeg_fl_theta_power_precond;eeg_fl_hbeta_power_precond;eeg_tleft_lbeta_power_precond;eeg_tright_lalpha_power_precond;eeg_tright_halpha_power_precond;eeg_faa_precond;eeg_ab_ratio_precond;eeg_tb_ratio_precond;eeg_ta_ratio_precond;eeg_fl_specent_precond;eeg_fm_specent_precond;hrv_rmssd_precond;hr_med_precond;hr_sd_precond;eda_med_precond;eda_sd_precond;pupil_full_pupil_mean_precond;pupil_full_pupil_sd_precond;pupil_full_pupil_asymmetry_precond;eda_peakarea_precond"
2025-12-18 15:51:09.961797,34,"workload_label",10,0.25,0,0.5,0.598837209302326,0.151991108295293,0.25,10,"top10","eeg_fl_theta_power_precond;eeg_fl_hbeta_power_precond;eeg_tleft_lbeta_power_precond;eeg_tright_lalpha_power_precond;eeg_tright_halpha_power_precond;eeg_faa_precond;eeg_ab_ratio_precond;eeg_tb_ratio_precond;eeg_ta_ratio_precond;eeg_fl_specent_precond"
2025-12-18 15:51:20.252505,34,"workload_label",5,0.5,0.5,0.5,0.482558139534884,0.0533669923120631,0.25,5,"top5","eeg_fl_theta_power_precond;eeg_fl_hbeta_power_precond;eeg_tleft_lbeta_power_precond;eeg_tright_lalpha_power_precond;eeg_tright_halpha_power_precond"
2025-12-18 15:51:30.943072,35,"workload_label",20,0.5,0.5,0.5,0.656976744186046,0.151991108295293,0.5,20,"top20","eeg_fl_theta_power_precond;eeg_fl_hbeta_power_precond;eeg_tleft_lalpha_power_precond;eeg_tright_halpha_power_precond;eeg_tright_lbeta_power_precond;eeg_faa_precond;eeg_ab_ratio_precond;eeg_tb_ratio_precond;eeg_ta_ratio_precond;eeg_fl_specent_precond;eeg_fm_specent_precond;hrv_rmssd_precond;hr_med_precond;hr_sd_precond;eda_med_precond;eda_sd_precond;pupil_full_pupil_mean_precond;pupil_full_pupil_sd_precond;pupil_full_pupil_asymmetry_precond;eda_peakarea_precond"
2025-12-18 15:51:41.260755,35,"workload_label",10,0.25,0,0.5,0.61046511627907,0.151991108295293,0.25,10,"top10","eeg_fl_theta_power_precond;eeg_fl_hbeta_power_precond;eeg_tleft_lalpha_power_precond;eeg_tright_halpha_power_precond;eeg_tright_lbeta_power_precond;eeg_faa_precond;eeg_ab_ratio_precond;eeg_tb_ratio_precond;eeg_ta_ratio_precond;eeg_fl_specent_precond"
2025-12-18 15:51:51.540362,35,"workload_label",5,0.25,0,0.5,0.529069767441861,1e-04,0,5,"top5","eeg_fl_theta_power_precond;eeg_fl_hbeta_power_precond;eeg_tleft_lalpha_power_precond;eeg_tright_halpha_power_precond;eeg_tright_lbeta_power_precond"
2025-12-18 15:52:02.194134,36,"workload_label",20,1,1,1,0.627906976744186,0.151991108295293,0.25,20,"top20","eeg_fl_theta_power_precond;eeg_fl_hbeta_power_precond;eeg_tleft_lalpha_power_precond;eeg_tright_halpha_power_precond;eeg_tright_lbeta_power_precond;eeg_faa_precond;eeg_ab_ratio_precond;eeg_tb_ratio_precond;eeg_ta_ratio_precond;eeg_fl_specent_precond;eeg_fm_specent_precond;hrv_rmssd_precond;hr_med_precond;hr_sd_precond;eda_med_precond;eda_sd_precond;pupil_full_pupil_mean_precond;pupil_full_pupil_sd_precond;pupil_full_pupil_asymmetry_precond;eda_peakarea_precond"
2025-12-18 15:52:12.483412,36,"workload_label",10,0.5,0.5,0.75,0.616279069767442,0.151991108295293,0.5,10,"top10","eeg_fl_theta_power_precond;eeg_fl_hbeta_power_precond;eeg_tleft_lalpha_power_precond;eeg_tright_halpha_power_precond;eeg_tright_lbeta_power_precond;eeg_faa_precond;eeg_ab_ratio_precond;eeg_tb_ratio_precond;eeg_ta_ratio_precond;eeg_fl_specent_precond"
2025-12-18 15:52:22.783492,36,"workload_label",5,0.25,0.4,0.25,0.563953488372093,0.0533669923120631,1,5,"top5","eeg_fl_theta_power_precond;eeg_fl_hbeta_power_precond;eeg_tleft_lalpha_power_precond;eeg_tright_halpha_power_precond;eeg_tright_lbeta_power_precond"
2025-12-18 15:52:33.500981,37,"workload_label",20,0.5,0.5,0.75,0.627906976744186,0.0533669923120631,0.5,20,"top20","eeg_fl_theta_power_precond;eeg_fl_hbeta_power_precond;eeg_tleft_lalpha_power_precond;eeg_tleft_lbeta_power_precond;eeg_tright_halpha_power_precond;eeg_faa_precond;eeg_ab_ratio_precond;eeg_tb_ratio_precond;eeg_ta_ratio_precond;eeg_fl_specent_precond;eeg_fm_specent_precond;hrv_rmssd_precond;hr_med_precond;hr_sd_precond;eda_med_precond;eda_sd_precond;pupil_full_pupil_mean_precond;pupil_full_pupil_sd_precond;pupil_full_pupil_asymmetry_precond;eda_peakarea_precond"
2025-12-18 15:52:43.825795,37,"workload_label",10,0.5,0.5,0.75,0.581395348837209,0.0533669923120631,0.5,10,"top10","eeg_fl_theta_power_precond;eeg_fl_hbeta_power_precond;eeg_tleft_lalpha_power_precond;eeg_tleft_lbeta_power_precond;eeg_tright_halpha_power_precond;eeg_faa_precond;eeg_ab_ratio_precond;eeg_tb_ratio_precond;eeg_ta_ratio_precond;eeg_fl_specent_precond"
2025-12-18 15:52:54.078666,37,"workload_label",5,0.75,0.8,0.75,0.517441860465116,0.151991108295293,0,5,"top5","eeg_fl_theta_power_precond;eeg_fl_hbeta_power_precond;eeg_tleft_lalpha_power_precond;eeg_tleft_lbeta_power_precond;eeg_tright_halpha_power_precond"
2025-12-18 15:53:04.746161,38,"workload_label",20,1,1,1,0.622093023255814,0.151991108295293,0.5,20,"top20","eeg_fl_theta_power_precond;eeg_fl_hbeta_power_precond;eeg_tright_lalpha_power_precond;eeg_tright_halpha_power_precond;eeg_tright_lbeta_power_precond;eeg_faa_precond;eeg_ab_ratio_precond;eeg_tb_ratio_precond;eeg_ta_ratio_precond;eeg_fl_specent_precond;eeg_fm_specent_precond;hrv_rmssd_precond;hr_med_precond;hr_sd_precond;eda_med_precond;eda_sd_precond;pupil_full_pupil_mean_precond;pupil_full_pupil_sd_precond;pupil_full_pupil_asymmetry_precond;eda_peakarea_precond"
2025-12-18 15:53:15.034848,38,"workload_label",10,0.75,0.666666666666667,1,0.581395348837209,0.0533669923120631,0.25,10,"top10","eeg_fl_theta_power_precond;eeg_fl_hbeta_power_precond;eeg_tright_lalpha_power_precond;eeg_tright_halpha_power_precond;eeg_tright_lbeta_power_precond;eeg_faa_precond;eeg_ab_ratio_precond;eeg_tb_ratio_precond;eeg_ta_ratio_precond;eeg_fl_specent_precond"
2025-12-18 15:53:25.278101,38,"workload_label",5,0.75,0.666666666666667,1,0.482558139534884,0.000811130830789687,0.25,5,"top5","eeg_fl_theta_power_precond;eeg_fl_hbeta_power_precond;eeg_tright_lalpha_power_precond;eeg_tright_halpha_power_precond;eeg_tright_lbeta_power_precond"
2025-12-18 15:53:35.962896,39,"workload_label",20,0.75,0.666666666666667,1,0.627906976744186,0.151991108295293,0.25,20,"top20","eeg_fl_theta_power_precond;eeg_fl_hbeta_power_precond;eeg_tleft_lalpha_power_precond;eeg_tright_halpha_power_precond;eeg_tright_lbeta_power_precond;eeg_faa_precond;eeg_ab_ratio_precond;eeg_tb_ratio_precond;eeg_ta_ratio_precond;eeg_fl_specent_precond;eeg_fm_specent_precond;hrv_rmssd_precond;hr_med_precond;hr_sd_precond;eda_med_precond;eda_sd_precond;pupil_full_pupil_mean_precond;pupil_full_pupil_sd_precond;pupil_full_pupil_asymmetry_precond;eda_peakarea_precond"
2025-12-18 15:53:46.274688,39,"workload_label",10,1,1,1,0.581395348837209,0.151991108295293,0.25,10,"top10","eeg_fl_theta_power_precond;eeg_fl_hbeta_power_precond;eeg_tleft_lalpha_power_precond;eeg_tright_halpha_power_precond;eeg_tright_lbeta_power_precond;eeg_faa_precond;eeg_ab_ratio_precond;eeg_tb_ratio_precond;eeg_ta_ratio_precond;eeg_fl_specent_precond"
2025-12-18 15:53:56.493891,39,"workload_label",5,0.5,0.5,0.75,0.5,1e-04,0,5,"top5","eeg_fl_theta_power_precond;eeg_fl_hbeta_power_precond;eeg_tleft_lalpha_power_precond;eeg_tright_halpha_power_precond;eeg_tright_lbeta_power_precond"
2025-12-18 15:54:07.167129,40,"workload_label",20,0.5,0.5,0.5,0.633720930232558,0.0533669923120631,1,20,"top20","eeg_fl_theta_power_precond;eeg_fl_hbeta_power_precond;eeg_tright_halpha_power_precond;eeg_tright_lbeta_power_precond;eeg_faa_precond;eeg_ab_ratio_precond;eeg_tb_ratio_precond;eeg_ta_ratio_precond;eeg_fl_specent_precond;eeg_fm_specent_precond;hrv_rmssd_precond;hr_med_precond;hr_sd_precond;eda_med_precond;eda_sd_precond;eda_pkrate_precond;eda_peakarea_precond;pupil_full_pupil_mean_precond;pupil_full_pupil_sd_precond;pupil_full_pupil_asymmetry_precond"
2025-12-18 15:54:17.509784,40,"workload_label",10,0.5,0.5,0.5,0.598837209302326,0.0533669923120631,0.5,10,"top10","eeg_fl_theta_power_precond;eeg_fl_hbeta_power_precond;eeg_tright_halpha_power_precond;eeg_tright_lbeta_power_precond;eeg_faa_precond;eeg_ab_ratio_precond;eeg_tb_ratio_precond;eeg_ta_ratio_precond;eeg_fl_specent_precond;eeg_fm_specent_precond"
2025-12-18 15:54:27.753534,40,"workload_label",5,0.5,0.5,0.25,0.511627906976744,0.00657933224657568,0,5,"top5","eeg_fl_theta_power_precond;eeg_fl_hbeta_power_precond;eeg_tright_halpha_power_precond;eeg_tright_lbeta_power_precond;eeg_faa_precond"
2025-12-18 15:54:38.477702,41,"workload_label",20,1,1,1,0.622093023255814,0.151991108295293,0.25,20,"top20","eeg_fl_theta_power_precond;eeg_fl_hbeta_power_precond;eeg_tright_lalpha_power_precond;eeg_tright_halpha_power_precond;eeg_tright_lbeta_power_precond;eeg_faa_precond;eeg_ab_ratio_precond;eeg_tb_ratio_precond;eeg_ta_ratio_precond;eeg_fl_specent_precond;eeg_fm_specent_precond;hrv_rmssd_precond;hr_med_precond;hr_sd_precond;eda_med_precond;eda_sd_precond;pupil_full_pupil_sd_precond;pupil_full_pupil_mean_precond;pupil_full_pupil_asymmetry_precond;eda_peakarea_precond"
2025-12-18 15:54:48.781249,41,"workload_label",10,0.75,0.666666666666667,1,0.575581395348837,0.151991108295293,0.25,10,"top10","eeg_fl_theta_power_precond;eeg_fl_hbeta_power_precond;eeg_tright_lalpha_power_precond;eeg_tright_halpha_power_precond;eeg_tright_lbeta_power_precond;eeg_faa_precond;eeg_ab_ratio_precond;eeg_tb_ratio_precond;eeg_ta_ratio_precond;eeg_fl_specent_precond"
2025-12-18 15:54:58.980648,41,"workload_label",5,1,1,1,0.494186046511628,1e-04,0,5,"top5","eeg_fl_theta_power_precond;eeg_fl_hbeta_power_precond;eeg_tright_lalpha_power_precond;eeg_tright_halpha_power_precond;eeg_tright_lbeta_power_precond"
2025-12-18 15:55:09.719775,42,"workload_label",20,0,0,0,0.668604651162791,0.151991108295293,0.5,20,"top20","eeg_fl_theta_power_precond;eeg_fl_hbeta_power_precond;eeg_tleft_lalpha_power_precond;eeg_tright_halpha_power_precond;eeg_tright_lbeta_power_precond;eeg_faa_precond;eeg_ab_ratio_precond;eeg_tb_ratio_precond;eeg_ta_ratio_precond;eeg_fl_specent_precond;hrv_rmssd_precond;hr_med_precond;hr_sd_precond;eda_med_precond;eda_sd_precond;eda_pkrate_precond;eda_peakarea_precond;pupil_full_pupil_mean_precond;pupil_full_pupil_sd_precond;pupil_full_pupil_asymmetry_precond"
2025-12-18 15:55:20.102212,42,"workload_label",10,0.25,0.4,0,0.604651162790698,0.0533669923120631,0.5,10,"top10","eeg_fl_theta_power_precond;eeg_fl_hbeta_power_precond;eeg_tleft_lalpha_power_precond;eeg_tright_halpha_power_precond;eeg_tright_lbeta_power_precond;eeg_faa_precond;eeg_ab_ratio_precond;eeg_tb_ratio_precond;eeg_ta_ratio_precond;eeg_fl_specent_precond"
2025-12-18 15:55:30.304966,42,"workload_label",5,0.25,0.4,0,0.552325581395349,1e-04,0,5,"top5","eeg_fl_theta_power_precond;eeg_fl_hbeta_power_precond;eeg_tleft_lalpha_power_precond;eeg_tright_halpha_power_precond;eeg_tright_lbeta_power_precond"
2025-12-18 15:55:41.030672,43,"workload_label",20,0.75,0.8,0.5,0.627906976744186,0.0533669923120631,1,20,"top20","eeg_fl_theta_power_precond;eeg_fl_hbeta_power_precond;eeg_tright_lalpha_power_precond;eeg_tright_halpha_power_precond;eeg_tright_lbeta_power_precond;eeg_faa_precond;eeg_tb_ratio_precond;eeg_ta_ratio_precond;eeg_fl_specent_precond;eeg_fm_specent_precond;hrv_rmssd_precond;hr_med_precond;hr_sd_precond;eda_med_precond;eda_sd_precond;eda_pkrate_precond;eda_peakarea_precond;pupil_full_pupil_mean_precond;pupil_full_pupil_sd_precond;pupil_full_pupil_asymmetry_precond"
2025-12-18 15:55:51.334938,43,"workload_label",10,1,1,1,0.581395348837209,0.0533669923120631,0.5,10,"top10","eeg_fl_theta_power_precond;eeg_fl_hbeta_power_precond;eeg_tright_lalpha_power_precond;eeg_tright_halpha_power_precond;eeg_tright_lbeta_power_precond;eeg_faa_precond;eeg_tb_ratio_precond;eeg_ta_ratio_precond;eeg_fl_specent_precond;eeg_fm_specent_precond"
2025-12-18 15:56:01.52091,43,"workload_label",5,0,0,0,0.546511627906977,1e-04,0,5,"top5","eeg_fl_theta_power_precond;eeg_fl_hbeta_power_precond;eeg_tright_lalpha_power_precond;eeg_tright_halpha_power_precond;eeg_tright_lbeta_power_precond"
2025-12-18 15:56:12.300256,44,"workload_label",20,0.75,0.8,1,0.63953488372093,0.0533669923120631,0.75,20,"top20","eeg_fl_theta_power_precond;eeg_fl_hbeta_power_precond;eeg_tleft_lbeta_power_precond;eeg_tright_halpha_power_precond;eeg_faa_precond;eeg_ab_ratio_precond;eeg_tb_ratio_precond;eeg_ta_ratio_precond;eeg_fl_specent_precond;eeg_fm_specent_precond;hrv_rmssd_precond;hr_med_precond;hr_sd_precond;eda_med_precond;eda_sd_precond;eda_pkrate_precond;eda_peakarea_precond;pupil_full_pupil_mean_precond;pupil_full_pupil_sd_precond;pupil_full_pupil_asymmetry_precond"
2025-12-18 15:56:22.667206,44,"workload_label",10,0.75,0.8,1,0.563953488372093,0.0533669923120631,0.25,10,"top10","eeg_fl_theta_power_precond;eeg_fl_hbeta_power_precond;eeg_tleft_lbeta_power_precond;eeg_tright_halpha_power_precond;eeg_faa_precond;eeg_ab_ratio_precond;eeg_tb_ratio_precond;eeg_ta_ratio_precond;eeg_fl_specent_precond;eeg_fm_specent_precond"
2025-12-18 15:56:32.842032,44,"workload_label",5,0.75,0.8,1,0.494186046511628,0.0533669923120631,0.25,5,"top5","eeg_fl_theta_power_precond;eeg_fl_hbeta_power_precond;eeg_tleft_lbeta_power_precond;eeg_tright_halpha_power_precond;eeg_faa_precond"
2025-12-18 15:56:43.627357,45,"workload_label",20,0.75,0.8,0.5,0.604651162790698,0.151991108295293,0.25,20,"top20","eeg_fl_theta_power_precond;eeg_fl_hbeta_power_precond;eeg_tleft_lalpha_power_precond;eeg_tright_halpha_power_precond;eeg_tright_lbeta_power_precond;eeg_fm_lbeta_power_precond;eeg_faa_precond;eeg_ab_ratio_precond;eeg_tb_ratio_precond;eeg_ta_ratio_precond;eeg_fl_specent_precond;eeg_fm_specent_precond;hrv_rmssd_precond;hr_med_precond;hr_sd_precond;eda_med_precond;eda_sd_precond;pupil_full_pupil_mean_precond;pupil_full_pupil_sd_precond;pupil_full_pupil_asymmetry_precond"
2025-12-18 15:56:53.988402,45,"workload_label",10,0.5,0.5,0.75,0.593023255813954,0.0533669923120631,0.5,10,"top10","eeg_fl_theta_power_precond;eeg_fl_hbeta_power_precond;eeg_tleft_lalpha_power_precond;eeg_tright_halpha_power_precond;eeg_tright_lbeta_power_precond;eeg_fm_lbeta_power_precond;eeg_faa_precond;eeg_ab_ratio_precond;eeg_tb_ratio_precond;eeg_ta_ratio_precond"
2025-12-18 15:57:04.171384,45,"workload_label",5,0.75,0.8,0.5,0.511627906976744,0.000811130830789687,0.5,5,"top5","eeg_fl_theta_power_precond;eeg_fl_hbeta_power_precond;eeg_tleft_lalpha_power_precond;eeg_tright_halpha_power_precond;eeg_tright_lbeta_power_precond"
2025-12-18 15:57:14.916033,47,"workload_label",20,0.5,0.5,0.5,0.63953488372093,0.151991108295293,0.25,20,"top20","eeg_fl_theta_power_precond;eeg_fl_hbeta_power_precond;eeg_tright_lalpha_power_precond;eeg_tright_halpha_power_precond;eeg_tright_lbeta_power_precond;eeg_faa_precond;eeg_ab_ratio_precond;eeg_tb_ratio_precond;eeg_ta_ratio_precond;eeg_fl_specent_precond;eeg_fm_specent_precond;hrv_rmssd_precond;hr_med_precond;hr_sd_precond;eda_med_precond;eda_sd_precond;pupil_full_pupil_mean_precond;pupil_full_pupil_sd_precond;pupil_full_pupil_asymmetry_precond;eda_peakarea_precond"
2025-12-18 15:57:25.251476,47,"workload_label",10,0.5,0.5,0.5,0.593023255813954,0.151991108295293,0.25,10,"top10","eeg_fl_theta_power_precond;eeg_fl_hbeta_power_precond;eeg_tright_lalpha_power_precond;eeg_tright_halpha_power_precond;eeg_tright_lbeta_power_precond;eeg_faa_precond;eeg_ab_ratio_precond;eeg_tb_ratio_precond;eeg_ta_ratio_precond;eeg_fl_specent_precond"
2025-12-18 15:57:35.436769,47,"workload_label",5,0.5,0.5,0.5,0.511627906976744,0.0533669923120631,0,5,"top5","eeg_fl_theta_power_precond;eeg_fl_hbeta_power_precond;eeg_tright_lalpha_power_precond;eeg_tright_halpha_power_precond;eeg_tright_lbeta_power_precond"
2025-12-18 15:57:46.195827,48,"workload_label",20,0.5,0.5,0.5,0.63953488372093,0.0533669923120631,1,20,"top20","eeg_fl_theta_power_precond;eeg_fl_hbeta_power_precond;eeg_tright_lalpha_power_precond;eeg_tright_halpha_power_precond;eeg_tright_lbeta_power_precond;eeg_faa_precond;eeg_ab_ratio_precond;eeg_tb_ratio_precond;eeg_ta_ratio_precond;eeg_fl_specent_precond;eeg_fm_specent_precond;hrv_rmssd_precond;hr_med_precond;hr_sd_precond;eda_med_precond;eda_sd_precond;pupil_full_pupil_mean_precond;pupil_full_pupil_sd_precond;pupil_full_pupil_asymmetry_precond;eda_peakarea_precond"
2025-12-18 15:57:56.547981,48,"workload_label",10,0.25,0.4,0.25,0.598837209302326,0.0533669923120631,0.5,10,"top10","eeg_fl_theta_power_precond;eeg_fl_hbeta_power_precond;eeg_tright_lalpha_power_precond;eeg_tright_halpha_power_precond;eeg_tright_lbeta_power_precond;eeg_faa_precond;eeg_ab_ratio_precond;eeg_tb_ratio_precond;eeg_ta_ratio_precond;eeg_fl_specent_precond"
2025-12-18 15:58:06.72095,48,"workload_label",5,0.5,0.5,0.25,0.540697674418605,0.0533669923120631,1,5,"top5","eeg_fl_theta_power_precond;eeg_fl_hbeta_power_precond;eeg_tright_lalpha_power_precond;eeg_tright_halpha_power_precond;eeg_tright_lbeta_power_precond"
