task,model,modality,baseline_adjustment,normalization,baseline_duration,n_features,n_windows_train,n_windows_test,accuracy_mean,accuracy_std,precision_mean,recall_mean,f1_mean,auc_mean,best_window_accuracy,training_time_seconds
stress_classification,Logistic Regression,physio,subtract,within_subject,last_60s,10,3853.6,963.4,0.5790472891764642,0.07816738044536006,0.5851124747896422,0.6274112601411154,0.6008726764179667,0.6331800024576569,0.6423357664233577,1.8261568546295166
stress_classification,Random Forest,physio,subtract,within_subject,last_60s,10,3853.6,963.4,0.543242406759527,0.06466732269733741,0.5435159889940481,0.5838926747476325,0.5604839608338862,0.55743961765457,0.6521739130434783,7.757143020629883
stress_classification,Logistic Regression,eeg,subtract,within_subject,last_60s,77,3853.6,963.4,0.5287425345469429,0.03475386628678977,0.5374351977682966,0.5511665513763301,0.5412053020648853,0.5480900189124126,0.5869565217391305,14.263638019561768
stress_classification,Logistic Regression,all,subtract,within_subject,last_60s,87,3853.6,963.4,0.5473603796801929,0.028038632954436975,0.554702340271622,0.5631453332245465,0.5563990196136919,0.5874231921733057,0.6376811594202898,15.402437210083008
stress_classification,K-Nearest Neighbors,physio,subtract,within_subject,last_60s,10,3853.6,963.4,0.5096871251175308,0.025312947111175984,0.5189415103427724,0.5198573237742863,0.5163644705117706,0.5164302177336377,0.5985401459854015,6.400299072265625
stress_classification,Random Forest,all,subtract,within_subject,last_60s,87,3853.6,963.4,0.4915402395926497,0.03415198664809446,0.5024201042154574,0.5055738325227536,0.5011194980968291,0.4981341112872323,0.572463768115942,26.953815698623657
stress_classification,Random Forest,eeg,subtract,within_subject,last_60s,77,3853.6,963.4,0.4955155936986023,0.04030258227476976,0.5095465861131487,0.5269953682846336,0.5120755142262239,0.5047252467906189,0.5652173913043478,28.97349452972412
stress_classification,Linear Discriminant Analysis,physio,subtract,within_subject,last_60s,10,3853.6,963.4,0.5803392604326365,0.07701897057352566,0.5835440541411571,0.6385614840408612,0.6054997307296285,0.6386368764164864,0.6423357664233577,4.050569534301758
stress_classification,SVM,physio,subtract,within_subject,last_60s,10,3853.6,963.4,0.5169288739422611,0.052135048754116356,0.5241596043115822,0.576987731925727,0.545616606238045,0.5311879972960373,0.6014492753623188,33.59629988670349
stress_classification,Linear Discriminant Analysis,all,subtract,within_subject,last_60s,87,3853.6,963.4,0.5589227085901273,0.02142575577932266,0.5653448766807228,0.5815195526498449,0.5706571191909082,0.5942126876608855,0.6444444444444445,13.796495914459229
stress_classification,Linear Discriminant Analysis,eeg,subtract,within_subject,last_60s,77,3853.6,963.4,0.529887460087379,0.03421078656422568,0.5384249003098787,0.5476486234333817,0.5399947092705241,0.550747441387492,0.6014492753623188,12.647518396377563
stress_classification,K-Nearest Neighbors,all,subtract,within_subject,last_60s,87,3853.6,963.4,0.48183760676519044,0.016859999960212303,0.49027131731784496,0.49938692974147764,0.4926932161048182,0.47211785094959346,0.5652173913043478,32.26065754890442
stress_classification,K-Nearest Neighbors,eeg,subtract,within_subject,last_60s,77,3853.6,963.4,0.4815493325136261,0.027169134907599122,0.4934760946363612,0.5310003157181524,0.5077619803444074,0.47617695206901905,0.6014492753623188,32.05592656135559
stress_classification,Neural Network (MLP),eeg,subtract,within_subject,last_60s,77,3853.6,963.4,0.48611787478776314,0.029263997869895725,0.49337967189772025,0.5080176991359728,0.4980229883857188,0.481412088297178,0.5579710144927537,49.56171178817749
stress_classification,Neural Network (MLP),physio,subtract,within_subject,last_60s,10,3853.6,963.4,0.5176187474965472,0.03292256648855367,0.5221506258346984,0.5705661003841829,0.5421931969470153,0.5386804624158197,0.6148148148148148,52.521851778030396
stress_classification,Neural Network (MLP),all,subtract,within_subject,last_60s,87,3853.6,963.4,0.4899559663430503,0.025168585665063938,0.4983861561181935,0.4980136858497962,0.49550062463886907,0.4921968588992683,0.5693430656934306,54.96296572685242
stress_classification,Logistic Regression,physio,subtract,within_subject,last_90s,10,3853.6,963.4,0.5839261558566646,0.07896330255188674,0.5891761791955463,0.6343615244811639,0.6060582605452142,0.6284288764966804,0.6642335766423357,3.8768672943115234
stress_classification,Random Forest,physio,subtract,within_subject,last_90s,10,3853.6,963.4,0.5199510329617727,0.06433364138387766,0.5262745372018214,0.5585732472025835,0.5378553929855183,0.5400365366702735,0.644927536231884,12.83263611793518
stress_classification,Logistic Regression,all,subtract,within_subject,last_90s,87,3853.6,963.4,0.5585389042546337,0.023096083824419293,0.5663483244728644,0.578187016297915,0.5690074491992675,0.6011944766480796,0.6304347826086957,13.775793552398682
stress_classification,Logistic Regression,eeg,subtract,within_subject,last_90s,77,3853.6,963.4,0.5208204919877648,0.04376591710792166,0.5303955923375281,0.5420021449914921,0.5326677056811866,0.5513729934526801,0.5942028985507246,12.6461341381073
stress_classification,SVM,all,subtract,within_subject,last_60s,87,3853.6,963.4,0.48751429168661053,0.029279368739454494,0.49813999491177857,0.5209101906015317,0.5064238856040015,0.497268637013367,0.5579710144927537,70.71976923942566
stress_classification,Random Forest,all,subtract,within_subject,last_90s,87,3853.6,963.4,0.5104707453427445,0.04204400229513099,0.5239404026367885,0.5207028666498756,0.5182768535452293,0.5242258605413419,0.5797101449275363,37.123316526412964
stress_classification,Random Forest,eeg,subtract,within_subject,last_90s,77,3853.6,963.4,0.5096042988387142,0.03151609917272682,0.5243985116044432,0.535653405321802,0.5236184598337884,0.512020065213718,0.5869565217391305,36.840198278427124
stress_classification,SVM,eeg,subtract,within_subject,last_60s,77,3853.6,963.4,0.49955102954256014,0.04542464591679182,0.510206609398038,0.5566039179794984,0.5288552274088028,0.5050076633663727,0.5955882352941176,82.76760005950928
stress_classification,K-Nearest Neighbors,all,subtract,within_subject,last_90s,87,3853.6,963.4,0.47713606917774676,0.01703579051194168,0.48773706539274897,0.47852398571109306,0.48001261105922877,0.4839693182170383,0.572463768115942,22.448526620864868
stress_classification,K-Nearest Neighbors,physio,subtract,within_subject,last_90s,10,3853.6,963.4,0.5283629853987203,0.03186718933069744,0.5357140872990815,0.5415019339214914,0.5370414861776776,0.5365128914576611,0.6304347826086957,5.822460651397705
stress_classification,SVM,physio,subtract,within_subject,last_90s,10,3853.6,963.4,0.5369179256843217,0.05744899873342052,0.5440987886542248,0.5817013164382735,0.5584544316226678,0.5561030668780937,0.6376811594202898,47.09024429321289
stress_classification,K-Nearest Neighbors,eeg,subtract,within_subject,last_90s,77,3853.6,963.4,0.4780569399035383,0.035441416325418564,0.48718737599147943,0.4890553689231646,0.4855360735413884,0.48211416519408223,0.5434782608695652,28.440687656402588
stress_classification,Neural Network (MLP),eeg,subtract,within_subject,last_90s,77,3853.6,963.4,0.513103947107947,0.01872043150570965,0.5211368843413717,0.5270168087398353,0.5210429746897871,0.5177104276096391,0.5766423357664233,42.30506372451782
stress_classification,Linear Discriminant Analysis,physio,subtract,within_subject,last_90s,10,3853.6,963.4,0.583128110170037,0.08083186976330657,0.5871135697481699,0.6427318677862245,0.6087373761624807,0.6328826216147452,0.6496350364963503,4.872127294540405
stress_classification,Neural Network (MLP),all,subtract,within_subject,last_90s,87,3853.6,963.4,0.5135714076720574,0.02583813768847927,0.5259821772387582,0.5161800042805234,0.5166406956584573,0.5223898410095076,0.6014492753623188,50.88232159614563
stress_classification,Linear Discriminant Analysis,all,subtract,within_subject,last_90s,87,3853.6,963.4,0.5733381865062138,0.019053190654608296,0.5803003739574755,0.5980202887343014,0.5855337738715157,0.6125057965795822,0.6592592592592592,15.73635220527649
stress_classification,Linear Discriminant Analysis,eeg,subtract,within_subject,last_90s,77,3853.6,963.4,0.529545671395686,0.037710509585186305,0.538074142557123,0.5540838060237132,0.542747223353054,0.5594260842927936,0.5925925925925926,14.0784752368927
stress_classification,Neural Network (MLP),physio,subtract,within_subject,last_90s,10,3853.6,963.4,0.5409580158747105,0.03555964200747782,0.5497475415516018,0.5704125643999995,0.5559649695102477,0.5657072358421313,0.6518518518518519,48.83083486557007
stress_classification,Random Forest,physio,subtract,within_subject,last_120s,10,3853.6,963.4,0.5280671662859027,0.06037056204091044,0.5338363054856181,0.5747672140297106,0.5491478624333406,0.5490158262066092,0.6231884057971014,8.75754189491272
stress_classification,SVM,all,subtract,within_subject,last_90s,87,3853.6,963.4,0.5120171165472823,0.041484338928413876,0.5244103926480248,0.5182003450432842,0.5174468890665013,0.5180160719137302,0.5797101449275363,77.3216118812561
stress_classification,SVM,eeg,subtract,within_subject,last_90s,77,3853.6,963.4,0.4970173358965376,0.042178445847346244,0.5091149901593701,0.5541187407693827,0.5270352909361735,0.49871109355374815,0.5882352941176471,78.60197806358337
stress_classification,Logistic Regression,physio,subtract,within_subject,last_120s,10,3853.6,963.4,0.5721847942728042,0.05410308351905645,0.5786278645049375,0.6225668429721967,0.5950611029721634,0.6216264595377905,0.6496350364963503,3.031919002532959
stress_classification,Logistic Regression,all,subtract,within_subject,last_120s,87,3853.6,963.4,0.5353347836367187,0.033788931565199784,0.5425833253033889,0.5568121784434268,0.5469649746786466,0.5779950110284876,0.625,9.527714490890503
stress_classification,Logistic Regression,eeg,subtract,within_subject,last_120s,77,3853.6,963.4,0.4983149089372979,0.03698184210079112,0.5074792296806412,0.5262663360494554,0.5132652478526883,0.5181077759540168,0.562962962962963,8.831068992614746
stress_classification,Random Forest,all,subtract,within_subject,last_120s,87,3853.6,963.4,0.509061181798056,0.048487925361106333,0.5212142877935354,0.5261866852077177,0.5203072632704887,0.5166619616685865,0.5652173913043478,27.449920415878296
stress_classification,Random Forest,eeg,subtract,within_subject,last_120s,77,3853.6,963.4,0.4802142324867883,0.02891535275126734,0.4951705964810542,0.5048498848870333,0.49456754328820535,0.48326951128549245,0.5797101449275363,24.2252779006958
stress_classification,SVM,physio,subtract,within_subject,last_120s,10,3853.6,963.4,0.5144042193683849,0.04659016327353007,0.5219904897332832,0.5546321481486738,0.5344748235017226,0.5348252833460181,0.5869565217391305,30.923685312271118
stress_classification,Neural Network (MLP),eeg,subtract,within_subject,last_120s,77,3853.6,963.4,0.489907143905877,0.03224904885158046,0.4979792565359979,0.5544643705561487,0.5210803522586164,0.49641288528910577,0.5942028985507246,28.225513458251953
stress_classification,Neural Network (MLP),all,subtract,within_subject,last_120s,87,3853.6,963.4,0.4956309356332131,0.02756805077448586,0.5060730424059845,0.5373382807668522,0.5174177783624766,0.5109269181484624,0.5579710144927537,30.2116436958313
stress_classification,K-Nearest Neighbors,eeg,subtract,within_subject,last_120s,77,3853.6,963.4,0.4902608305530579,0.02832613762315923,0.5005412529042264,0.5159976634491794,0.5051279381289907,0.48086872226032923,0.572463768115942,11.471794128417969
stress_classification,K-Nearest Neighbors,physio,subtract,within_subject,last_120s,10,3853.6,963.4,0.5089724464574117,0.03181021707780632,0.5158770172463232,0.5160840543413612,0.5144356913029314,0.5111155594797696,0.6231884057971014,2.400434970855713
stress_classification,K-Nearest Neighbors,all,subtract,within_subject,last_120s,87,3853.6,963.4,0.48188551942073116,0.027458199192035834,0.49249377306044106,0.49418000191559325,0.4899051533784915,0.4734576162065114,0.5797101449275363,18.354201316833496
stress_classification,SVM,all,subtract,within_subject,last_120s,87,3853.6,963.4,0.484493313575708,0.03641932121941074,0.4966446967772023,0.4994231273597567,0.49296301532944264,0.4873175311014396,0.5693430656934306,55.60252261161804
stress_classification,Linear Discriminant Analysis,physio,subtract,within_subject,last_120s,10,3853.6,963.4,0.5712343164811726,0.051536759117997925,0.5757859345966626,0.630146613834131,0.5972534260605797,0.6233013830405343,0.6376811594202898,2.305478811264038
stress_classification,SVM,eeg,subtract,within_subject,last_120s,77,3853.6,963.4,0.4727277930719752,0.049872971983521565,0.4881878075829499,0.5197610380150669,0.4991616521834115,0.4728885460662732,0.5547445255474452,57.0390088558197
stress_classification,Linear Discriminant Analysis,all,subtract,within_subject,last_120s,87,3853.6,963.4,0.5430432489326352,0.036619363532983215,0.5501675155397086,0.5637470234400036,0.554237523999141,0.5846270668390887,0.6159420289855072,9.012737512588501
stress_classification,Linear Discriminant Analysis,eeg,subtract,within_subject,last_120s,77,3853.6,963.4,0.5089704913306584,0.04309382034185961,0.5171272632695816,0.5315667968560621,0.5212285510284632,0.5248032095848877,0.572463768115942,8.839071035385132
stress_classification,Neural Network (MLP),physio,subtract,within_subject,last_120s,10,3853.6,963.4,0.5483809181888282,0.03730484213935938,0.5525699593924964,0.5736038009154645,0.5594195642369792,0.5778250861057176,0.6231884057971014,30.43903374671936
stress_classification,Random Forest,all,subtract,within_subject,full,87,3853.6,963.4,0.49466341901736577,0.040095766379456915,0.5081265276865263,0.4974845043875364,0.4991875931779872,0.5018026225722267,0.5693430656934306,16.919578313827515
stress_classification,Random Forest,eeg,subtract,within_subject,full,77,3853.6,963.4,0.49645477603913835,0.021506970714429575,0.5085139929361532,0.5174712560497865,0.5084456390484384,0.49747388000707016,0.6086956521739131,15.557438850402832
stress_classification,XGBoost,physio,subtract,within_subject,last_60s,10,3853.6,963.4,0.5327748464056263,0.04429444917497252,0.5363870824615172,0.5825108556198423,0.5545008561721587,0.5631747172601438,0.6231884057971014,225.6074342727661
stress_classification,XGBoost,eeg,subtract,within_subject,last_60s,77,3853.6,963.4,0.4946723903077679,0.03926658274623234,0.505692387826685,0.5214906059068856,0.5096309840294369,0.5045122487125289,0.5507246376811594,226.88185358047485
stress_classification,XGBoost,all,subtract,within_subject,last_60s,87,3853.6,963.4,0.5213361604345683,0.05892489933519656,0.5266052915855803,0.5446767862020525,0.5341848557517298,0.5365838978327445,0.6086956521739131,227.34956240653992
stress_classification,XGBoost,physio,subtract,within_subject,last_90s,10,3853.6,963.4,0.5415554712802537,0.057321443623509556,0.5469545780509162,0.5701444428284089,0.5556204562414166,0.5522372010905048,0.6304347826086957,191.75728273391724
stress_classification,Random Forest,physio,subtract,within_subject,full,10,3853.6,963.4,0.5387564693438422,0.04137831756842759,0.5472282495000796,0.5589122551854047,0.5497610380377237,0.5572738488776514,0.6159420289855072,6.666960954666138
stress_classification,Logistic Regression,physio,subtract,within_subject,full,10,3853.6,963.4,0.5680159760064676,0.06630972911983352,0.5729430583004022,0.6293055785150841,0.5959575964484988,0.6238943128869907,0.6423357664233577,2.690373182296753
stress_classification,Logistic Regression,all,subtract,within_subject,full,87,3853.6,963.4,0.5344579514632253,0.0401538017028115,0.5442435910264652,0.5563293921775212,0.5466231281197287,0.5738171294145071,0.6204379562043796,8.037219524383545
stress_classification,Logistic Regression,eeg,subtract,within_subject,full,77,3853.6,963.4,0.49085561083909923,0.03315350940856267,0.5030482903826059,0.511873235023194,0.5037377141998289,0.5064524567855656,0.5362318840579711,8.32417368888855
stress_classification,XGBoost,eeg,subtract,within_subject,last_90s,77,3853.6,963.4,0.49302606814332217,0.046885791186355615,0.5066788064598444,0.5185668666214964,0.5087523389018623,0.5014442508902939,0.5652173913043478,213.58592009544373
stress_classification,XGBoost,all,subtract,within_subject,last_90s,87,3853.6,963.4,0.51396867798072,0.03062290781746793,0.5243857596151776,0.5271642432046694,0.5224727318945669,0.5313046068879471,0.5797101449275363,217.60976386070251
stress_classification,Neural Network (MLP),physio,subtract,within_subject,full,10,3853.6,963.4,0.5479841765777698,0.027779656785723403,0.5548932590142062,0.5773150051259858,0.5623461848863756,0.5835965961958507,0.6376811594202898,31.582209825515747
stress_classification,Neural Network (MLP),eeg,subtract,within_subject,full,77,3853.6,963.4,0.5009253782117767,0.0378091998856785,0.508065671366609,0.534498619472124,0.5189184609497826,0.4996870562405979,0.5797101449275363,36.058815002441406
stress_classification,Neural Network (MLP),all,subtract,within_subject,full,87,3853.6,963.4,0.4858948773683271,0.019369616949628944,0.4948055131421537,0.4901961638470789,0.4902086500650853,0.488583120623733,0.5547445255474452,37.87997817993164
stress_classification,SVM,physio,subtract,within_subject,full,10,3853.6,963.4,0.5116831001622507,0.026098380400995793,0.5218720540739373,0.5317610947733865,0.5220566532370441,0.5381729784745192,0.583941605839416,40.267449140548706
stress_classification,K-Nearest Neighbors,physio,subtract,within_subject,full,10,3853.6,963.4,0.5037842269094804,0.02767317168308398,0.5115537735593216,0.505878047655704,0.5068524997880209,0.499571764813638,0.5620437956204379,4.8193089962005615
stress_classification,K-Nearest Neighbors,eeg,subtract,within_subject,full,77,3853.6,963.4,0.49859980765800405,0.02259357138888972,0.506080723764237,0.5293518601947993,0.515780174324879,0.4923948732686695,0.5942028985507246,21.04685139656067
stress_classification,K-Nearest Neighbors,all,subtract,within_subject,full,87,3853.6,963.4,0.4819109451060884,0.019609091666505724,0.49238803593359537,0.49686994895298636,0.4910624703414662,0.475379655678038,0.5693430656934306,25.358222007751465
stress_classification,Linear Discriminant Analysis,physio,subtract,within_subject,full,10,3853.6,963.4,0.5648603607577893,0.06441626633945619,0.5680751280363375,0.63718219538815,0.596955890270676,0.6243758940235766,0.6423357664233577,4.490725755691528
stress_classification,Linear Discriminant Analysis,eeg,subtract,within_subject,full,77,3853.6,963.4,0.4997951236532945,0.026377293224866122,0.5101966689213575,0.5156273485232786,0.5099889213667586,0.5153642790451726,0.5441176470588235,11.345553398132324
stress_classification,Linear Discriminant Analysis,all,subtract,within_subject,full,87,3853.6,963.4,0.5341077141536905,0.029314915439915757,0.543571014255788,0.552450164421757,0.5448227119012758,0.5779135479428945,0.5985401459854015,13.596163511276245
stress_classification,XGBoost,physio,subtract,within_subject,last_120s,10,3853.6,963.4,0.546381647445082,0.04681335694210064,0.5514713260422288,0.5800144071534402,0.5622253813197238,0.5687463576742626,0.6739130434782609,170.12733006477356
stress_classification,Random Forest,physio,zscore,within_subject,last_60s,10,3853.6,963.4,0.5097594241383518,0.051614696721642206,0.5258874597801289,0.48149456479967273,0.4971581128901633,0.5209681027746577,0.5693430656934306,12.439548015594482
stress_classification,SVM,all,subtract,within_subject,full,87,3853.6,963.4,0.4678839138218387,0.0353826951606015,0.48098142133251753,0.4855853213525981,0.47969857461139576,0.465818085572742,0.5766423357664233,71.1581552028656
stress_classification,SVM,eeg,subtract,within_subject,full,77,3853.6,963.4,0.46813778507259973,0.03941933813849868,0.4818585092460232,0.519110284962238,0.4959926857455576,0.46508025775266093,0.5362318840579711,71.67894101142883
stress_classification,Logistic Regression,physio,zscore,within_subject,last_60s,10,3853.6,963.4,0.5716979707237844,0.08396779890184136,0.5889959173870531,0.5697026076900429,0.5745727183590176,0.6207796614813409,0.6444444444444445,2.75376296043396
stress_classification,Logistic Regression,all,zscore,within_subject,last_60s,87,3853.6,963.4,0.5211738713577055,0.04505651130204397,0.5298705824330154,0.5197249255342673,0.5230571830093084,0.5385234930210931,0.5797101449275363,13.349963665008545
stress_classification,Logistic Regression,eeg,zscore,within_subject,last_60s,77,3853.6,963.4,0.4857874674040417,0.030779225760384343,0.49514556912782526,0.4885020273362256,0.489087859840539,0.4927274248425227,0.5507246376811594,11.43508267402649
stress_classification,XGBoost,eeg,subtract,within_subject,last_120s,77,3853.6,963.4,0.48901940339036,0.03188763755376183,0.5023210664877984,0.5107391186615442,0.5023378452396146,0.4878312452154104,0.5547445255474452,191.20712184906006
stress_classification,Random Forest,all,zscore,within_subject,last_60s,87,3853.6,963.4,0.5152664046601003,0.07016214322406243,0.524077273797456,0.5228702020004943,0.5214968985177397,0.5234032494567011,0.5766423357664233,35.20501112937927
stress_classification,Random Forest,eeg,zscore,within_subject,last_60s,77,3853.6,963.4,0.5224091740632553,0.06050325196067345,0.5293601666063132,0.5184693227195275,0.5226885358555843,0.5190168831273739,0.5797101449275363,31.476518154144287
stress_classification,XGBoost,all,subtract,within_subject,last_120s,87,3853.6,963.4,0.529286912328042,0.053123842351947746,0.5377268316747456,0.5544131130637548,0.5419097592708898,0.5393275802643493,0.6231884057971014,200.3602476119995
stress_classification,K-Nearest Neighbors,all,zscore,within_subject,last_60s,87,3853.6,963.4,0.5073373218370977,0.01416111813795079,0.5139344012354073,0.5121261879338908,0.5120315245936181,0.5077397169496242,0.5985401459854015,23.724052667617798
stress_classification,K-Nearest Neighbors,physio,zscore,within_subject,last_60s,10,3853.6,963.4,0.5135035355522591,0.05690223219741865,0.5252704978547895,0.5176794077269357,0.518236253825864,0.5215748473466002,0.5942028985507246,4.410952806472778
stress_classification,K-Nearest Neighbors,eeg,zscore,within_subject,last_60s,77,3853.6,963.4,0.503840354712411,0.03029392115942315,0.5115377738613602,0.5215153998327994,0.5150618549860437,0.5016240823613516,0.5652173913043478,27.831238985061646
stress_classification,Neural Network (MLP),physio,zscore,within_subject,last_60s,10,3853.6,963.4,0.5382974513725294,0.02227851115818286,0.5566167586811646,0.5294138639290237,0.534608769187633,0.5646558613864164,0.583941605839416,33.24933695793152
stress_classification,SVM,physio,zscore,within_subject,last_60s,10,3853.6,963.4,0.553937170013522,0.04696321723816941,0.5748091797508079,0.514628132497567,0.5383088067227139,0.5782896851480238,0.6277372262773723,41.33415126800537
stress_classification,Linear Discriminant Analysis,physio,zscore,within_subject,last_60s,10,3853.6,963.4,0.5732652789559562,0.08611443014484157,0.5913990113862964,0.5679555866149693,0.5747581494654522,0.6221191353042488,0.6518518518518519,4.595522403717041
stress_classification,Neural Network (MLP),all,zscore,within_subject,last_60s,87,3853.6,963.4,0.5143158349865489,0.03550550856214195,0.5267662084200015,0.5196312222785864,0.5187448404428245,0.5332886240780335,0.5797101449275363,43.26759958267212
stress_classification,Linear Discriminant Analysis,all,zscore,within_subject,last_60s,87,3853.6,963.4,0.5135886001348932,0.056626296980252226,0.5223873014723927,0.5133632402378646,0.5161692352982763,0.5309323661277712,0.6014492753623188,16.757917642593384
stress_classification,Neural Network (MLP),eeg,zscore,within_subject,last_60s,77,3853.6,963.4,0.4879369696054986,0.02921287673661577,0.49741682911860713,0.48923226568569367,0.49002876619883795,0.4920299203216464,0.5579710144927537,48.22882580757141
stress_classification,Linear Discriminant Analysis,eeg,zscore,within_subject,last_60s,77,3853.6,963.4,0.48244711978988564,0.02529557823333527,0.492023403102911,0.4861675529241768,0.4866339655744413,0.4887694263581867,0.5579710144927537,16.470458030700684
stress_classification,Random Forest,physio,zscore,within_subject,last_90s,10,3853.6,963.4,0.5485722299022704,0.08965214892594502,0.5614476803910354,0.5983235673549796,0.5725976528732517,0.5697476854031647,0.6376811594202898,8.91501784324646
stress_classification,SVM,all,zscore,within_subject,last_60s,87,3853.6,963.4,0.51008827555448,0.023550645019342564,0.516381024964465,0.5456067097793402,0.5291049898254863,0.5168772124861809,0.5869565217391305,69.27720618247986
stress_classification,Logistic Regression,all,zscore,within_subject,last_90s,87,3853.6,963.4,0.5684058611175409,0.05804363558714546,0.5786663481087273,0.5791406080944459,0.5757173852772197,0.6021885356127795,0.6496350364963503,9.899677276611328
stress_classification,Logistic Regression,eeg,zscore,within_subject,last_90s,77,3853.6,963.4,0.5261937331032821,0.035549514877861156,0.536778998011883,0.5438852772466539,0.5368818633575444,0.5585465188251514,0.6086956521739131,9.344740629196167
stress_classification,SVM,eeg,zscore,within_subject,last_60s,77,3853.6,963.4,0.48587103175073876,0.03310300040337021,0.4937479513671207,0.5389734926823154,0.5141974692757101,0.48431372222864316,0.5579710144927537,77.85838508605957
stress_classification,Logistic Regression,physio,zscore,within_subject,last_90s,10,3853.6,963.4,0.5837697878917177,0.09695802210134444,0.5956228812355253,0.5958069460358452,0.5918074048845948,0.6282541309578671,0.6518518518518519,2.5235142707824707
stress_classification,Random Forest,eeg,zscore,within_subject,last_90s,77,3853.6,963.4,0.5047791002372625,0.04177998674600595,0.5201254534000486,0.49824945990911573,0.5045788154780355,0.5093421515211337,0.5620437956204379,25.259806394577026
stress_classification,Random Forest,all,zscore,within_subject,last_90s,87,3853.6,963.4,0.5376464016950255,0.086250249412472,0.5455075908599045,0.554223327432833,0.5477633929823286,0.5541011592560778,0.6204379562043796,28.147974014282227
stress_classification,XGBoost,physio,subtract,within_subject,full,10,3853.6,963.4,0.5557043741404663,0.03162701229452231,0.5607408904594415,0.5792540963543422,0.5677721616397244,0.5690130900354896,0.6444444444444445,194.68898224830627
stress_classification,SVM,physio,zscore,within_subject,last_90s,10,3853.6,963.4,0.5759246806246601,0.0602006584967909,0.5912657069596334,0.5829105524358187,0.5806286450139201,0.6037514584069805,0.6594202898550725,32.722535371780396
stress_classification,Neural Network (MLP),all,zscore,within_subject,last_90s,87,3853.6,963.4,0.5274738802107546,0.05216100625060201,0.5340530237514791,0.5544549202959473,0.5423168012116825,0.5395709230687763,0.625,32.294782400131226
stress_classification,Neural Network (MLP),eeg,zscore,within_subject,last_90s,77,3853.6,963.4,0.4978937192042589,0.025310206471012703,0.5059199041557061,0.4945851711795443,0.498515195864398,0.5026826858637965,0.5661764705882353,33.92125749588013
stress_classification,K-Nearest Neighbors,physio,zscore,within_subject,last_90s,10,3853.6,963.4,0.5355442714014172,0.059183443975696685,0.5496408365623682,0.5481403727839128,0.5446462014964311,0.5527398603732083,0.6521739130434783,3.7981319427490234
stress_classification,XGBoost,all,subtract,within_subject,full,87,3853.6,963.4,0.4934633251622441,0.02243861347240164,0.5023581607823013,0.5071168831168831,0.5026154712434974,0.5001860182869955,0.583941605839416,225.49523901939392
stress_classification,K-Nearest Neighbors,eeg,zscore,within_subject,last_90s,77,3853.6,963.4,0.4854066334152024,0.0215974400959952,0.49315126971020595,0.492399999527014,0.49150673641262177,0.4785714095719055,0.5652173913043478,16.699391841888428
stress_classification,K-Nearest Neighbors,all,zscore,within_subject,last_90s,87,3853.6,963.4,0.5033918142924811,0.013132246451169916,0.5095409593536753,0.50368251288,0.5056641145018903,0.49479915037070227,0.6231884057971014,18.644901990890503
stress_classification,XGBoost,eeg,subtract,within_subject,full,77,3853.6,963.4,0.48897678524216703,0.03180007101299803,0.49935941068141537,0.5177805274030348,0.5060771674435111,0.49183580149354655,0.5797101449275363,230.4966104030609
stress_classification,Neural Network (MLP),physio,zscore,within_subject,last_90s,10,3853.6,963.4,0.5504915528319344,0.06051012447616372,0.5627313557866778,0.5754385798122483,0.564474619553204,0.579772268281507,0.644927536231884,35.62358593940735
stress_classification,Linear Discriminant Analysis,physio,zscore,within_subject,last_90s,10,3853.6,963.4,0.5864474032682022,0.09539928331728466,0.5986132177250194,0.597690324243725,0.5941628354567638,0.6263233580865943,0.6814814814814815,3.867720603942871
stress_classification,Linear Discriminant Analysis,all,zscore,within_subject,last_90s,87,3853.6,963.4,0.5570953925999581,0.05883558358828748,0.568507473355837,0.5748857868890648,0.5678132997863481,0.5965183281218511,0.6159420289855072,13.89496898651123
stress_classification,Linear Discriminant Analysis,eeg,zscore,within_subject,last_90s,77,3853.6,963.4,0.5291526562742943,0.03445615818205277,0.5396732507842408,0.5487040491148658,0.5403609854863453,0.5570404963915236,0.6086956521739131,12.045127630233765
stress_classification,SVM,all,zscore,within_subject,last_90s,87,3853.6,963.4,0.5391104451931314,0.05328455060270754,0.5478892293489506,0.5611012201856234,0.5517510633492579,0.5485682372542324,0.6204379562043796,60.58929800987244
stress_classification,SVM,eeg,zscore,within_subject,last_90s,77,3853.6,963.4,0.49568963311737696,0.022677268347737055,0.506115917464645,0.527988099672339,0.5138343146622834,0.5011817344863994,0.5514705882352942,67.01573395729065
stress_classification,Random Forest,physio,zscore,within_subject,last_120s,10,3853.6,963.4,0.540529612657834,0.08306604904609229,0.5516668267637337,0.5758215140045241,0.5572073301512891,0.5564030102072388,0.6159420289855072,9.938575029373169
stress_classification,Logistic Regression,physio,zscore,within_subject,last_120s,10,3853.6,963.4,0.5895322995638284,0.10842246210237233,0.597046806774061,0.6185378205514781,0.6036569678786756,0.6301347610009744,0.6956521739130435,2.593208074569702
stress_classification,Logistic Regression,all,zscore,within_subject,last_120s,87,3853.6,963.4,0.544076110162355,0.0414217880853565,0.5529892607875474,0.5664136901066701,0.5558906543897659,0.5799601517961059,0.6058394160583942,13.342586040496826
stress_classification,Logistic Regression,eeg,zscore,within_subject,last_120s,77,3853.6,963.4,0.5070068903532005,0.030126290958920866,0.5165603562932203,0.5362696067476181,0.5218330862425632,0.5294673307576507,0.5620437956204379,9.825899124145508
stress_classification,Random Forest,eeg,zscore,within_subject,last_120s,77,3853.6,963.4,0.4958308435780733,0.007995233551274322,0.5097018700089002,0.5140542538586789,0.5045288291775591,0.5039535739984864,0.5735294117647058,26.544056177139282
stress_classification,Random Forest,all,zscore,within_subject,last_120s,87,3853.6,963.4,0.5243848085596896,0.06347489555108136,0.5380636701530117,0.5495830983184166,0.5386491028606533,0.5373913608336652,0.6131386861313869,29.31226897239685
stress_classification,SVM,physio,zscore,within_subject,last_120s,10,3853.6,963.4,0.5340462737682805,0.06792083824441013,0.5549486310201294,0.5325128870946954,0.5343643650764013,0.5659721557845034,0.6304347826086957,32.91697907447815
stress_classification,Neural Network (MLP),all,zscore,within_subject,last_120s,87,3853.6,963.4,0.5094822736241313,0.03337228677806963,0.5188325488383916,0.5697776138092991,0.5387143640548565,0.5141218596899085,0.6131386861313869,30.322019577026367
stress_classification,Neural Network (MLP),eeg,zscore,within_subject,last_120s,77,3853.6,963.4,0.474341741169159,0.03170788875298718,0.4840284923842546,0.49082445952481457,0.48493918626016796,0.474449087365875,0.5507246376811594,33.34266209602356
stress_classification,K-Nearest Neighbors,all,zscore,within_subject,last_120s,87,3853.6,963.4,0.49974689769546965,0.02560478405794284,0.5066508561735852,0.5098312929899927,0.5069548648422083,0.4924211511195085,0.6086956521739131,14.640649795532227
stress_classification,K-Nearest Neighbors,eeg,zscore,within_subject,last_120s,77,3853.6,963.4,0.48748101988780385,0.02986255434916967,0.49551098099037344,0.5058224670713062,0.4981875372819979,0.4729711239952518,0.5808823529411765,11.772647142410278
stress_classification,K-Nearest Neighbors,physio,zscore,within_subject,last_120s,10,3853.6,963.4,0.5207615911583685,0.05514638157899252,0.5315414579839748,0.5490262944739863,0.536591854341121,0.5280811208141986,0.6231884057971014,2.905596971511841
stress_classification,SVM,eeg,zscore,within_subject,last_120s,77,3853.6,963.4,0.47811442032882956,0.02439343698892896,0.49115620947727584,0.5424769046850446,0.5111492787660665,0.4779582601504012,0.5441176470588235,64.83274531364441
stress_classification,SVM,all,zscore,within_subject,last_120s,87,3853.6,963.4,0.508768708090877,0.04940075097175773,0.5203672065950918,0.5482861281484608,0.5303894576966972,0.5262701499524042,0.6277372262773723,67.8943829536438
stress_classification,Neural Network (MLP),physio,zscore,within_subject,last_120s,10,3853.6,963.4,0.5156303353882122,0.03921214692127285,0.5362159556384547,0.537704499634027,0.5276684648562704,0.5378427085384867,0.644927536231884,31.14419913291931
stress_classification,Linear Discriminant Analysis,physio,zscore,within_subject,last_120s,10,3853.6,963.4,0.5862432401360711,0.10373973238303517,0.5937834259588521,0.6158197828757785,0.6007805617469898,0.6291465800336511,0.6956521739130435,3.433298349380493
stress_classification,Linear Discriminant Analysis,eeg,zscore,within_subject,last_120s,77,3853.6,963.4,0.5045276826856393,0.0397785643452427,0.5141801461407951,0.5271657236508369,0.5162279019587144,0.5276557668380029,0.5547445255474452,10.639266967773438
stress_classification,Linear Discriminant Analysis,all,zscore,within_subject,last_120s,87,3853.6,963.4,0.540592154120021,0.0436945472649423,0.5511157015471394,0.5554500118837731,0.5493870097078332,0.5719534776832838,0.5985401459854015,12.437801122665405
stress_classification,Random Forest,eeg,zscore,within_subject,full,77,3853.6,963.4,0.4829595844195828,0.025192477287147606,0.4948658722439493,0.5014907430728245,0.4933132611820488,0.47721808425048584,0.5942028985507246,18.376497983932495
stress_classification,Random Forest,all,zscore,within_subject,full,87,3853.6,963.4,0.4838768024624957,0.050350402871124536,0.4985036534944502,0.5065568062093602,0.49728717555835766,0.4910242055369712,0.5985401459854015,20.643937587738037
stress_classification,XGBoost,physio,zscore,within_subject,last_60s,10,3853.6,963.4,0.5260771921849307,0.04080126165756195,0.5379341792630459,0.5420015963277367,0.5356571205123382,0.5386122027703777,0.583941605839416,268.47393774986267
stress_classification,XGBoost,all,zscore,within_subject,last_60s,87,3853.6,963.4,0.5233701113311382,0.04767166135168268,0.5298133106569997,0.5392013773352204,0.5329232139461518,0.5335606369377052,0.583941605839416,274.1493489742279
stress_classification,XGBoost,eeg,zscore,within_subject,last_60s,77,3853.6,963.4,0.5291435313452721,0.038626271023887285,0.5371069587303805,0.5338374512676616,0.5336776406560624,0.5307533402026131,0.6131386861313869,272.60177421569824
stress_classification,Random Forest,physio,zscore,within_subject,full,10,3853.6,963.4,0.5146289565192538,0.06064759665111963,0.5303638455273176,0.5249755809154881,0.5227322727469181,0.5288916005628168,0.5985401459854015,6.386872053146362
stress_classification,Logistic Regression,physio,zscore,within_subject,full,10,3853.6,963.4,0.5534348018511797,0.07827798609576099,0.5621210968605944,0.6009668448641406,0.5770549562122448,0.6024409724562412,0.6423357664233577,2.5169243812561035
stress_classification,Logistic Regression,eeg,zscore,within_subject,full,77,3853.6,963.4,0.5041316234108051,0.03206521584942584,0.5149781552515189,0.5163097632586844,0.5118695987106721,0.5240136161155424,0.5693430656934306,9.694528579711914
stress_classification,Logistic Regression,all,zscore,within_subject,full,87,3853.6,963.4,0.5397346050996047,0.049959947981742796,0.5500975694163515,0.550795796573453,0.5472704502727296,0.5641671426924051,0.6131386861313869,10.741556882858276
stress_classification,XGBoost,physio,zscore,within_subject,last_90s,10,3853.6,963.4,0.55302729348663,0.07198531431160209,0.562686137234954,0.5878605968373791,0.569612590758882,0.5827105545734714,0.6423357664233577,219.3892092704773
stress_classification,SVM,physio,zscore,within_subject,full,10,3853.6,963.4,0.5264982403294374,0.055272088769653095,0.5369688219342066,0.5396167157980869,0.5342231210610762,0.5501826351773321,0.6159420289855072,33.65406250953674
stress_classification,Neural Network (MLP),eeg,zscore,within_subject,full,77,3853.6,963.4,0.4731249157670617,0.020800737719141774,0.48026250838935824,0.5217528482625451,0.4991819635040514,0.4700381292264299,0.5474452554744526,37.579965353012085
stress_classification,Neural Network (MLP),all,zscore,within_subject,full,87,3853.6,963.4,0.5001220319927573,0.03927483930325217,0.5088403299458185,0.5694703242673742,0.5344980046713803,0.5055035513388334,0.5735294117647058,42.00194430351257
stress_classification,Neural Network (MLP),physio,zscore,within_subject,full,10,3853.6,963.4,0.535166904825356,0.04258863803094435,0.5451404886716514,0.5524604991657709,0.5456869558820754,0.5601364118210086,0.6594202898550725,28.818790197372437
stress_classification,XGBoost,eeg,zscore,within_subject,last_90s,77,3853.6,963.4,0.514909360557193,0.031070925697397247,0.5263237864352229,0.5182174955155014,0.5189924952340557,0.5204387162590998,0.5797101449275363,249.84604406356812
stress_classification,K-Nearest Neighbors,physio,zscore,within_subject,full,10,3853.6,963.4,0.4989267581727745,0.05017415913668969,0.5073191332512585,0.49232166831620533,0.49758611914372003,0.493127489176432,0.5693430656934306,4.222567081451416
stress_classification,XGBoost,all,zscore,within_subject,last_90s,87,3853.6,963.4,0.5466778536669716,0.06121467189799791,0.5526212146451429,0.5744046229651255,0.5611575796425015,0.5653656051882519,0.6934306569343066,257.4876892566681
stress_classification,Linear Discriminant Analysis,physio,zscore,within_subject,full,10,3853.6,963.4,0.5505486883234612,0.07755321039475875,0.5589857238918915,0.6011053730026689,0.5755120913798455,0.5965912336956409,0.635036496350365,3.859121799468994
stress_classification,K-Nearest Neighbors,eeg,zscore,within_subject,full,77,3853.6,963.4,0.48785287656119714,0.023643396406346967,0.4951426591150449,0.5270064456166613,0.5086357850554338,0.4766359915629096,0.5588235294117647,19.039687156677246
stress_classification,Linear Discriminant Analysis,eeg,zscore,within_subject,full,77,3853.6,963.4,0.5023061706654695,0.03668671815631072,0.5138205128859015,0.5106964316753991,0.5080066385020465,0.5206158141194122,0.5474452554744526,12.919376373291016
stress_classification,K-Nearest Neighbors,all,zscore,within_subject,full,87,3853.6,963.4,0.491187013861329,0.024354737824685984,0.4989729942993306,0.5294809049641064,0.5119177781964115,0.4898537946845125,0.572463768115942,29.675394773483276
stress_classification,Linear Discriminant Analysis,all,zscore,within_subject,full,87,3853.6,963.4,0.5269714382416241,0.053320045962026344,0.5384413271623681,0.5347763899580343,0.5328943849297076,0.5555151184812417,0.5766423357664233,15.089019536972046
stress_classification,SVM,all,zscore,within_subject,full,87,3853.6,963.4,0.49342871881620837,0.031584943454621595,0.5029572938556662,0.52854600557414,0.5126877685269241,0.49540047991317504,0.5985401459854015,67.08226799964905
stress_classification,SVM,eeg,zscore,within_subject,full,77,3853.6,963.4,0.47002349729473647,0.02246138746691072,0.48224442643182125,0.5249491646476077,0.49947075054294876,0.4670040618228203,0.5434782608695652,67.30398035049438
workload_classification,Random Forest,physio,subtract,within_subject,last_60s,10,3853.6,963.4,0.632817293593198,0.01726714143008967,0.3835087976884247,0.16392277979601844,0.22812537132740868,0.5067729658832203,0.6788321167883211,7.095276117324829
workload_classification,Logistic Regression,all,subtract,within_subject,last_60s,87,3853.6,963.4,0.6385344442158692,0.045038591319241185,0.43021144715635573,0.2893692213753526,0.34523215038641536,0.5780613939204169,0.6956521739130435,7.971880197525024
workload_classification,Logistic Regression,eeg,subtract,within_subject,last_60s,77,3853.6,963.4,0.6396259788295773,0.029577406968161697,0.43106918485694273,0.2737858413601271,0.33354083622328673,0.5816842759655824,0.6956521739130435,7.191473484039307
workload_classification,Logistic Regression,physio,subtract,within_subject,last_60s,10,3853.6,963.4,0.6592906497381008,0.01025494850379782,0.37194805194805197,0.02532062765086459,0.04651201124500977,0.5006932596842502,0.6788321167883211,2.6241843700408936
workload_classification,Random Forest,eeg,subtract,within_subject,last_60s,77,3853.6,963.4,0.6278310109236682,0.04007883221155807,0.36817081072935504,0.127910014313826,0.18588188584731297,0.5532633439909117,0.6934306569343066,20.467663049697876
workload_classification,Random Forest,all,subtract,within_subject,last_60s,87,3853.6,963.4,0.6252133477467448,0.026102314036890235,0.3286315374337831,0.1168604207027816,0.16960428574935238,0.5363510778073423,0.6788321167883211,22.73773217201233
workload_classification,SVM,physio,subtract,within_subject,last_60s,10,3853.6,963.4,0.6509966149420411,0.01655782840732323,0.3982075784144069,0.09847629717765823,0.15676870261426645,0.5257838253776379,0.6956521739130435,27.280720472335815
stress_classification,XGBoost,physio,zscore,within_subject,last_120s,10,3853.6,963.4,0.5175187287548949,0.056840434696929516,0.5275615192107737,0.5716414529656813,0.5438559580092288,0.5363042417991142,0.5912408759124088,218.6692600250244
workload_classification,Neural Network (MLP),eeg,subtract,within_subject,last_60s,77,3853.6,963.4,0.5832088141271314,0.03225090100273389,0.35723503899310305,0.30720997646998127,0.32783061286773274,0.5230694063650171,0.6423357664233577,26.452176570892334
workload_classification,Neural Network (MLP),all,subtract,within_subject,last_60s,87,3853.6,963.4,0.5781656475116588,0.05169035670220813,0.35161103935478616,0.3185113679567871,0.3310180362774318,0.5199017823342829,0.6666666666666666,29.704598903656006
workload_classification,K-Nearest Neighbors,physio,subtract,within_subject,last_60s,10,3853.6,963.4,0.5721153601603686,0.023468201655652544,0.3276169791055258,0.26837045459808573,0.2946903325808429,0.5041117319313961,0.6666666666666666,3.1483089923858643
workload_classification,K-Nearest Neighbors,all,subtract,within_subject,last_60s,87,3853.6,963.4,0.5874681631972016,0.021402032069726438,0.33066630023467963,0.239580557702776,0.2774721506760821,0.5027202828191777,0.644927536231884,15.549161672592163
workload_classification,SVM,eeg,subtract,within_subject,last_60s,77,3853.6,963.4,0.6231138428660261,0.04266047638046642,0.36628739894523676,0.16575425186295192,0.22491322322761512,0.5576574937545937,0.717391304347826,47.68345308303833
workload_classification,SVM,all,subtract,within_subject,last_60s,87,3853.6,963.4,0.6212960208388194,0.03657910408311405,0.36253894437136114,0.18806167110327854,0.24564106921682774,0.5388212608212102,0.717391304347826,48.515671491622925
stress_classification,XGBoost,eeg,zscore,within_subject,last_120s,77,3853.6,963.4,0.5012742809740824,0.018782901370559893,0.5138287819333096,0.5283795759917037,0.515000033222393,0.5072242968486472,0.6029411764705882,238.11600518226624
workload_classification,Linear Discriminant Analysis,physio,subtract,within_subject,last_60s,10,3853.6,963.4,0.657616515970904,0.009321831182234707,0.36033204384268214,0.029093550511859256,0.05311991751410757,0.49945576581682233,0.6788321167883211,2.740607261657715
stress_classification,XGBoost,all,zscore,within_subject,last_120s,87,3853.6,963.4,0.5250991181858683,0.053300238987029014,0.5376104534902205,0.5661746193349579,0.5461438664053835,0.5462287744153291,0.6102941176470589,241.35757184028625
workload_classification,K-Nearest Neighbors,eeg,subtract,within_subject,last_60s,77,3853.6,963.4,0.5944052014505445,0.021780766979851485,0.3506799605200383,0.2603997670155863,0.29850034121937086,0.5355787290541109,0.7028985507246377,13.951523542404175
workload_classification,Linear Discriminant Analysis,all,subtract,within_subject,last_60s,87,3853.6,963.4,0.6339161019411825,0.0412823402859759,0.42619671214666505,0.2988615481034547,0.3504219735110887,0.583070860607202,0.7028985507246377,8.868526458740234
workload_classification,Linear Discriminant Analysis,eeg,subtract,within_subject,last_60s,77,3853.6,963.4,0.6398216933438665,0.035838803785066736,0.4397161780747231,0.28600473648987934,0.3443931136994162,0.58737735708304,0.7299270072992701,9.568379402160645
workload_classification,Neural Network (MLP),physio,subtract,within_subject,last_60s,10,3853.6,963.4,0.5829153869567515,0.02545569854477334,0.33267221929173746,0.25009075194341773,0.2841707249972206,0.4979082966207765,0.6594202898550725,32.09508228302002
workload_classification,Random Forest,physio,subtract,within_subject,last_90s,10,3853.6,963.4,0.6053485971796092,0.023532720989889597,0.2773675137311501,0.11609276813214098,0.1615287919928184,0.491725540877317,0.6811594202898551,8.604458570480347
workload_classification,Logistic Regression,physio,subtract,within_subject,last_90s,10,3853.6,963.4,0.6556614434431198,0.011432412826065903,0.38443969984963283,0.03532898495538618,0.06305620466191111,0.5255605602676617,0.6838235294117647,1.724550485610962
workload_classification,Logistic Regression,all,subtract,within_subject,last_90s,87,3853.6,963.4,0.6328782354062233,0.04329331226315492,0.42272842879920647,0.305719820120086,0.3541623656378055,0.5775084802430624,0.6884057971014492,8.213399887084961
workload_classification,Logistic Regression,eeg,subtract,within_subject,last_90s,77,3853.6,963.4,0.6382398858434927,0.04071221544854606,0.42780441602642655,0.2868754908194233,0.3419195850727632,0.5818401669569975,0.7028985507246377,6.819045305252075
workload_classification,Random Forest,eeg,subtract,within_subject,last_90s,77,3853.6,963.4,0.6349726611749145,0.04140347042538646,0.3971745846745847,0.12720312881534696,0.18857339572219364,0.5866255367184643,0.6956521739130435,21.61850118637085
workload_classification,Random Forest,all,subtract,within_subject,last_90s,87,3853.6,963.4,0.6312051530091913,0.0449060450893823,0.38303524547743606,0.13021518813315522,0.19090472074852324,0.5592593780723891,0.6956521739130435,23.09056329727173
workload_classification,SVM,physio,subtract,within_subject,last_90s,10,3853.6,963.4,0.6469758199548175,0.01620158432727235,0.3665860483602419,0.07906204719663878,0.12879316128158633,0.5035526715499523,0.6861313868613139,26.9872305393219
workload_classification,Neural Network (MLP),eeg,subtract,within_subject,last_90s,77,3853.6,963.4,0.5874856629372773,0.049360531287762764,0.3538659019735423,0.2949453931787862,0.3188186036963553,0.5383862937550108,0.6304347826086957,24.56523323059082
workload_classification,Neural Network (MLP),all,subtract,within_subject,last_90s,87,3853.6,963.4,0.6000989492963559,0.06672713972700098,0.3875317134087582,0.3363918077896176,0.35613231238721754,0.5496568318264811,0.6594202898550725,28.519617795944214
workload_classification,K-Nearest Neighbors,all,subtract,within_subject,last_90s,87,3853.6,963.4,0.5961579801160748,0.020430384976991692,0.3406238240603566,0.23188442706734827,0.27576091504738826,0.5129469018447452,0.6666666666666666,8.896528959274292
workload_classification,SVM,eeg,subtract,within_subject,last_90s,77,3853.6,963.4,0.6276601933971319,0.04894362957785812,0.3830421856385597,0.18029754466438433,0.24142551168236057,0.5853437806793058,0.6884057971014492,44.68629717826843
workload_classification,SVM,all,subtract,within_subject,last_90s,87,3853.6,963.4,0.6342244154888365,0.060054581296939746,0.4156978032699886,0.21595046824063058,0.2822328075093326,0.5724709497227038,0.7246376811594203,46.04107928276062
stress_classification,XGBoost,physio,zscore,within_subject,full,10,3853.6,963.4,0.5020763785027487,0.054866674521006735,0.5133408082437978,0.5321579631331066,0.5196967448930627,0.5138933770895726,0.6086956521739131,210.18405318260193
workload_classification,K-Nearest Neighbors,physio,subtract,within_subject,last_90s,10,3853.6,963.4,0.5768104720384677,0.014203969105178904,0.33432588673055685,0.2768774577613152,0.30264196512683494,0.5096687004326577,0.6277372262773723,2.7615957260131836
workload_classification,Linear Discriminant Analysis,physio,subtract,within_subject,last_90s,10,3853.6,963.4,0.6556420066514226,0.010787493836177725,0.38885985529646444,0.040949783768303036,0.07274313743731034,0.5246515524868838,0.6911764705882353,2.1727137565612793
workload_classification,K-Nearest Neighbors,eeg,subtract,within_subject,last_90s,77,3853.6,963.4,0.6052331016063783,0.02299360673606635,0.36644601012408484,0.2578561154158118,0.3024301604416338,0.5447556735223789,0.6861313868613139,11.122756242752075
workload_classification,Linear Discriminant Analysis,eeg,subtract,within_subject,last_90s,77,3853.6,963.4,0.6380448355902959,0.031116115085195822,0.4308006012438354,0.30179767349761255,0.3531768488908035,0.5843493429999294,0.6956521739130435,8.619626998901367
workload_classification,Neural Network (MLP),physio,subtract,within_subject,last_90s,10,3853.6,963.4,0.5825568426179071,0.009160351271763697,0.3187635063383708,0.23985485082753727,0.27110492913404244,0.5044740727033725,0.644927536231884,24.104485273361206
workload_classification,Linear Discriminant Analysis,all,subtract,within_subject,last_90s,87,3853.6,963.4,0.6348558867861109,0.03856517753516137,0.42993172350151754,0.3222815587911897,0.36757890952336886,0.5793978732507962,0.6884057971014492,9.645614624023438
stress_classification,XGBoost,all,zscore,within_subject,full,87,3853.6,963.4,0.49869146363869044,0.05218160503751918,0.5103050175678806,0.5281407559025697,0.5156229262804108,0.5052745712552796,0.6176470588235294,224.5056128501892
stress_classification,XGBoost,eeg,zscore,within_subject,full,77,3853.6,963.4,0.4870907160361779,0.006963625227550849,0.49764043264428715,0.49733924092842424,0.4939719343375577,0.48574329130233507,0.572463768115942,224.13674664497375
workload_classification,Random Forest,physio,subtract,within_subject,last_120s,10,3853.6,963.4,0.6171461965234517,0.032300905813673765,0.30525209068277837,0.10669490151659722,0.15592281858965462,0.4969078008980041,0.6594202898550725,6.5218141078948975
workload_classification,Logistic Regression,physio,subtract,within_subject,last_120s,10,3853.6,963.4,0.6552647816638935,0.014193595826670277,0.4057180310677066,0.05042887834185918,0.08749131589515646,0.5434435851830532,0.6911764705882353,1.4965488910675049
workload_classification,Logistic Regression,all,subtract,within_subject,last_120s,87,3853.6,963.4,0.6233896287077979,0.03922767743108002,0.4053753117668816,0.28490969802018945,0.33420494807919354,0.5642747540316982,0.6956521739130435,6.325733184814453
workload_classification,Logistic Regression,eeg,subtract,within_subject,last_120s,77,3853.6,963.4,0.6213455075370852,0.0437736786675218,0.3993676998383525,0.2638629448960203,0.31638045053208297,0.5658090571320787,0.6666666666666666,7.010209560394287
workload_classification,Random Forest,eeg,subtract,within_subject,last_120s,77,3853.6,963.4,0.6437322255085072,0.04071848732720178,0.42571590013769034,0.14970554791936536,0.2190034142188587,0.5981142127691867,0.7101449275362319,19.968873500823975
workload_classification,Random Forest,all,subtract,within_subject,last_120s,87,3853.6,963.4,0.6333054938647542,0.058435929364329856,0.40718513649127186,0.1465187737421758,0.2131252286514286,0.5768026662555685,0.6739130434782609,21.825793504714966
workload_classification,SVM,physio,subtract,within_subject,last_120s,10,3853.6,963.4,0.6451454477611182,0.026153917000716457,0.37962236180698816,0.08856548377536762,0.14190232499753627,0.5146914929714258,0.6884057971014492,28.567975282669067
workload_classification,Neural Network (MLP),eeg,subtract,within_subject,last_120s,77,3853.6,963.4,0.5675993848882033,0.03602693568766805,0.32079100300322405,0.2676519198789232,0.28858501268057957,0.5172082395060592,0.6376811594202898,25.084298133850098
workload_classification,Neural Network (MLP),all,subtract,within_subject,last_120s,87,3853.6,963.4,0.5969392942557269,0.05528345346864113,0.3739690798663068,0.3045920618211889,0.33416404198944083,0.5488142715430515,0.6739130434782609,32.59192633628845
workload_classification,SVM,all,subtract,within_subject,last_120s,87,3853.6,963.4,0.629484668579091,0.05233733739657744,0.40492956519234546,0.20608428184782318,0.27130162162084115,0.5647982987329453,0.717391304347826,49.64330244064331
workload_classification,K-Nearest Neighbors,all,subtract,within_subject,last_120s,87,3853.6,963.4,0.6041728896897679,0.03711724288035566,0.3568541906063393,0.2438816821427765,0.28877105459975316,0.5203884428434429,0.674074074074074,11.965068578720093
workload_classification,SVM,eeg,subtract,within_subject,last_120s,77,3853.6,963.4,0.6322147590756272,0.05167266974479988,0.39974269838339294,0.1733042425265735,0.23783617820403027,0.584118745612157,0.6884057971014492,48.982447385787964
workload_classification,K-Nearest Neighbors,physio,subtract,within_subject,last_120s,10,3853.6,963.4,0.5573268627374116,0.023683415937997197,0.2998612128761876,0.24742115743537743,0.2708059339700247,0.48608040738177233,0.6231884057971014,2.439873695373535
workload_classification,Linear Discriminant Analysis,physio,subtract,within_subject,last_120s,10,3853.6,963.4,0.6535901990309243,0.01567840123060493,0.40383412734841173,0.055536642427259066,0.09582051283632205,0.5432390952858872,0.6911764705882353,2.1527228355407715
workload_classification,K-Nearest Neighbors,eeg,subtract,within_subject,last_120s,77,3853.6,963.4,0.610574343713618,0.0225925868220661,0.37833538645965736,0.26940049311321174,0.31433284832468145,0.5483544439954761,0.6884057971014492,12.598328351974487
workload_classification,Linear Discriminant Analysis,eeg,subtract,within_subject,last_120s,77,3853.6,963.4,0.6163083734968411,0.037241794249633794,0.38784548499744914,0.25969587736600974,0.30971074739362947,0.5575006962424482,0.6666666666666666,6.4873833656311035
workload_classification,Linear Discriminant Analysis,all,subtract,within_subject,last_120s,87,3853.6,963.4,0.6174149541514868,0.03904131910046045,0.3962355377496081,0.2904004969239784,0.3348021153766151,0.556113359887186,0.6884057971014492,7.563261985778809
workload_classification,Neural Network (MLP),physio,subtract,within_subject,last_120s,10,3853.6,963.4,0.5675782324652487,0.029838635078264345,0.3194391581664309,0.2763974887633681,0.2949954260919788,0.4975772054489827,0.635036496350365,30.043941736221313
workload_classification,Random Forest,all,subtract,within_subject,full,87,3853.6,963.4,0.642255915020973,0.05782811160894122,0.4535097539173537,0.2057013349702042,0.2803048966925939,0.6177511363672314,0.6956521739130435,17.423718452453613
workload_classification,XGBoost,physio,subtract,within_subject,last_60s,10,3853.6,963.4,0.608593101407552,0.016597427235035097,0.35805172014289705,0.2189666725000711,0.2707700881986554,0.5181653339181725,0.6811594202898551,214.03352046012878
workload_classification,Random Forest,eeg,subtract,within_subject,full,77,3853.6,963.4,0.6584965941368114,0.053123392248981015,0.49811209322078887,0.22869756494938862,0.31096292014905397,0.6362658070168067,0.708029197080292,15.635156393051147
workload_classification,XGBoost,eeg,subtract,within_subject,last_60s,77,3853.6,963.4,0.6083241404342844,0.04776256449213587,0.35604230192036945,0.21189196652270761,0.2643411764206648,0.5466386832093424,0.6788321167883211,224.2868151664734
workload_classification,XGBoost,all,subtract,within_subject,last_60s,87,3853.6,963.4,0.6087153420174551,0.03402303695605815,0.3366007814992811,0.1931979221354833,0.24471105406269422,0.5126183289514257,0.7028985507246377,226.010324716568
workload_classification,Logistic Regression,physio,subtract,within_subject,full,10,3853.6,963.4,0.6517477872932049,0.01951830679588841,0.40073785611805696,0.055540699428121176,0.09524932934195138,0.5437344258249921,0.6911764705882353,1.8224072456359863
workload_classification,Random Forest,physio,subtract,within_subject,full,10,3853.6,963.4,0.6335389567854854,0.05268073605196552,0.4179563627811113,0.1613637854632148,0.22807501674244907,0.4887131983598675,0.6811594202898551,6.213595390319824
workload_classification,Logistic Regression,all,subtract,within_subject,full,87,3853.6,963.4,0.6442377417562997,0.045438429491356146,0.45151724471417437,0.3195863852444768,0.37295106049845356,0.5980075437007865,0.717391304347826,6.940620422363281
workload_classification,Logistic Regression,eeg,subtract,within_subject,full,77,3853.6,963.4,0.6447069977834994,0.05502353290536382,0.44965171924245473,0.3022343228721925,0.35992467257173144,0.6070891595603582,0.7028985507246377,7.318142652511597
workload_classification,SVM,physio,subtract,within_subject,full,10,3853.6,963.4,0.6497327625658598,0.03135932616613218,0.4404253344064431,0.11034478937745848,0.17379880699263592,0.5377570156884831,0.6884057971014492,26.968470335006714
workload_classification,Neural Network (MLP),all,subtract,within_subject,full,87,3853.6,963.4,0.6218529111298866,0.0676281150034244,0.4273611771270798,0.34607824911099205,0.38112596189875575,0.5913028155731432,0.6811594202898551,25.64399790763855
workload_classification,Neural Network (MLP),eeg,subtract,within_subject,full,77,3853.6,963.4,0.5960643810587231,0.046162897325971425,0.37959051914521985,0.32812354622914375,0.34870659592541414,0.565740539754999,0.6666666666666666,25.528236627578735
workload_classification,K-Nearest Neighbors,all,subtract,within_subject,full,87,3853.6,963.4,0.6173337696971395,0.03972451753541253,0.38855868763355117,0.2591289525345556,0.31044056369841605,0.5557183456157442,0.6811594202898551,11.418121576309204
workload_classification,K-Nearest Neighbors,physio,subtract,within_subject,full,10,3853.6,963.4,0.565271576030613,0.04181859891574,0.31446008910655376,0.2573847997896457,0.2826377046409392,0.47981946721832697,0.6159420289855072,3.0805165767669678
workload_classification,K-Nearest Neighbors,eeg,subtract,within_subject,full,77,3853.6,963.4,0.6162188202564838,0.0383627947745717,0.3950679436587771,0.28594785053703964,0.3315370289559841,0.5779730735469195,0.6884057971014492,13.559361219406128
workload_classification,XGBoost,physio,subtract,within_subject,last_90s,10,3853.6,963.4,0.5934796085965779,0.011996075474140498,0.30236276320050237,0.1745276979715289,0.22030091797745915,0.5060366278743482,0.6884057971014492,201.5576455593109
workload_classification,SVM,all,subtract,within_subject,full,87,3853.6,963.4,0.6403179551241927,0.05863158771106291,0.4394031360849115,0.2402885922939848,0.3094408890750051,0.5929899491677376,0.7318840579710145,46.41103434562683
workload_classification,SVM,eeg,subtract,within_subject,full,77,3853.6,963.4,0.6451459086769783,0.05786198251362042,0.4575567686903984,0.21708104650689003,0.29138252442755236,0.6173175029363711,0.7391304347826086,46.82430601119995
workload_classification,Linear Discriminant Analysis,physio,subtract,within_subject,full,10,3853.6,963.4,0.6511110711951951,0.019535481466363316,0.4008116951324552,0.06058752055981922,0.10326378531049088,0.5433385240650468,0.6985294117647058,3.192347526550293
workload_classification,Linear Discriminant Analysis,all,subtract,within_subject,full,87,3853.6,963.4,0.637739909623588,0.040740206325575096,0.4390275999567441,0.32061651170037286,0.3699663043250801,0.58796403215808,0.6811594202898551,9.807718276977539
workload_classification,Linear Discriminant Analysis,eeg,subtract,within_subject,full,77,3853.6,963.4,0.6418643082535984,0.03911429152350932,0.4444433836279453,0.303358997381417,0.3595833765342705,0.5972175244164623,0.7028985507246377,9.009108543395996
workload_classification,Neural Network (MLP),physio,subtract,within_subject,full,10,3853.6,963.4,0.5830391157525037,0.02708980688526133,0.3427573507043239,0.2756745511429808,0.30481102627053286,0.5181481850955361,0.6423357664233577,27.69116997718811
workload_classification,XGBoost,eeg,subtract,within_subject,last_90s,77,3853.6,963.4,0.6311607393979092,0.036576933181682966,0.4076207656679287,0.23447491592129538,0.29634515167567754,0.5855481803391189,0.6814814814814815,216.0866663455963
workload_classification,XGBoost,all,subtract,within_subject,last_90s,87,3853.6,963.4,0.619751291458751,0.028920407111474398,0.38089481014001525,0.22540734311293323,0.2821149265360606,0.5391298769151986,0.7028985507246377,218.14957547187805
workload_classification,Random Forest,physio,zscore,within_subject,last_60s,10,3853.6,963.4,0.6259898659514336,0.04483462944774041,0.3915994303405422,0.1684849652062343,0.232005146936234,0.5499244539772887,0.6884057971014492,7.902853012084961
workload_classification,Logistic Regression,physio,zscore,within_subject,last_60s,10,3853.6,963.4,0.6392034244240896,0.026061503146195195,0.30066278914026634,0.04449410166597926,0.07568665620632223,0.49355476713857893,0.6715328467153284,2.5089786052703857
workload_classification,Logistic Regression,eeg,zscore,within_subject,last_60s,77,3853.6,963.4,0.5984638307010858,0.042304553931530965,0.3599242987005855,0.2619550992015857,0.30175331216705314,0.5304725689268868,0.6666666666666666,9.302819967269897
workload_classification,Logistic Regression,all,zscore,within_subject,last_60s,87,3853.6,963.4,0.5931300656733554,0.04760524889985124,0.35604068147235735,0.2666838854694586,0.3039920512948186,0.520758047919226,0.6376811594202898,10.560340166091919
workload_classification,Random Forest,eeg,zscore,within_subject,last_60s,77,3853.6,963.4,0.6438146767283394,0.04478903581408586,0.4512674055129298,0.18763930330976814,0.2614881745143164,0.577593779849522,0.7028985507246377,23.93234133720398
workload_classification,Random Forest,all,zscore,within_subject,last_60s,87,3853.6,963.4,0.6463195254765781,0.044320629316201135,0.4498493478289342,0.20183104408851885,0.2764414154595901,0.5751828246542346,0.6884057971014492,26.17853283882141
workload_classification,SVM,physio,zscore,within_subject,last_60s,10,3853.6,963.4,0.6578810982435002,0.039102175967869475,0.4687220063836254,0.13291926128580547,0.2046317460015806,0.5279216259679229,0.7028985507246377,25.516194343566895
workload_classification,Neural Network (MLP),eeg,zscore,within_subject,last_60s,77,3853.6,963.4,0.5828706043115289,0.024990280689472535,0.36350983548819166,0.33538205427880213,0.3469009564328053,0.4978893325523899,0.6666666666666666,26.923170804977417
workload_classification,Neural Network (MLP),all,zscore,within_subject,last_60s,87,3853.6,963.4,0.6040977558857807,0.03437284150997227,0.3921812598991642,0.36991462416899634,0.3782561735734764,0.5380118103956121,0.6642335766423357,27.789164543151855
workload_classification,XGBoost,physio,subtract,within_subject,last_120s,10,3853.6,963.4,0.5834627832848562,0.03923455006692421,0.30679204947222194,0.20023902301322014,0.24123000436276354,0.4874922830697795,0.6521739130434783,201.78672742843628
workload_classification,SVM,all,zscore,within_subject,last_60s,87,3853.6,963.4,0.6335517343973862,0.0452728751342141,0.4185262674133397,0.227203175717091,0.2934716354926567,0.5505225570396612,0.6884057971014492,44.74617099761963
workload_classification,K-Nearest Neighbors,physio,zscore,within_subject,last_60s,10,3853.6,963.4,0.5887643278839447,0.055726849301551654,0.35760374155195357,0.2884162658766068,0.318710909163188,0.5261833271371759,0.6521739130434783,3.4725425243377686
workload_classification,SVM,eeg,zscore,within_subject,last_60s,77,3853.6,963.4,0.6192426331505524,0.03079297763596514,0.3776201496538173,0.20727792537170364,0.26432741386042946,0.5393013832748255,0.6811594202898551,45.342663526535034
workload_classification,Linear Discriminant Analysis,physio,zscore,within_subject,last_60s,10,3853.6,963.4,0.6353858210306643,0.02748373137890256,0.28455932320920885,0.041938191122848266,0.07093591890914665,0.4891410073694901,0.6691176470588235,3.411407709121704
workload_classification,K-Nearest Neighbors,eeg,zscore,within_subject,last_60s,77,3853.6,963.4,0.6217468176376985,0.03789646647065879,0.3815393037907816,0.2069722373920051,0.2675431807010452,0.5260901709162386,0.6739130434782609,14.424606323242188
workload_classification,K-Nearest Neighbors,all,zscore,within_subject,last_60s,87,3853.6,963.4,0.6276611528853766,0.027753967060985194,0.39082306770262876,0.2145942808599552,0.2770178196840558,0.5320372355653005,0.6811594202898551,17.518402576446533
workload_classification,Linear Discriminant Analysis,all,zscore,within_subject,last_60s,87,3853.6,963.4,0.5820723552796687,0.043888191023902436,0.33353239641623594,0.25006526084551534,0.2849443688891352,0.49211055512689184,0.644927536231884,12.300830841064453
workload_classification,Linear Discriminant Analysis,eeg,zscore,within_subject,last_60s,77,3853.6,963.4,0.5919491751394789,0.03920376743477031,0.3435880221983738,0.24407880431038756,0.2839429907771113,0.5066842505290742,0.6666666666666666,11.145492315292358
workload_classification,XGBoost,eeg,subtract,within_subject,last_120s,77,3853.6,963.4,0.6279190021713882,0.043119779659810974,0.4035986697553405,0.23460385467846362,0.29542596686810957,0.5873184907548162,0.6884057971014492,219.7147204875946
workload_classification,Neural Network (MLP),physio,zscore,within_subject,last_60s,10,3853.6,963.4,0.585524152650061,0.07800182679707769,0.3596793897548685,0.2774762992296096,0.31048258935824313,0.506179373458535,0.6642335766423357,31.451350688934326
workload_classification,XGBoost,all,subtract,within_subject,last_120s,87,3853.6,963.4,0.6128284753215896,0.050261666305421046,0.3673846256439324,0.21410250434793826,0.2695841277409895,0.5320596086803837,0.7028985507246377,224.61735343933105
workload_classification,Random Forest,physio,zscore,within_subject,last_90s,10,3853.6,963.4,0.6335925631075339,0.05918671123700703,0.41302962931108633,0.21903034748036504,0.2859142482277274,0.553821754064866,0.6861313868613139,8.274367094039917
workload_classification,Logistic Regression,physio,zscore,within_subject,last_90s,10,3853.6,963.4,0.6532277805888373,0.03501679148004413,0.44771185539606584,0.06868185286512495,0.11722850747323581,0.5734758033738026,0.6811594202898551,2.4961416721343994
workload_classification,Logistic Regression,all,zscore,within_subject,last_90s,87,3853.6,963.4,0.6065289710659693,0.05133054379328118,0.38068514399729153,0.2805384554728033,0.3221880488743871,0.5466219576857425,0.6739130434782609,11.545258522033691
workload_classification,Logistic Regression,eeg,zscore,within_subject,last_90s,77,3853.6,963.4,0.6016628699475818,0.032535044174988766,0.365550968176496,0.260211034397446,0.30226385258290334,0.5425690538286686,0.6594202898550725,10.027626991271973
workload_classification,Random Forest,eeg,zscore,within_subject,last_90s,77,3853.6,963.4,0.6322684271543759,0.040603477960435744,0.39793739872269446,0.16864874609652908,0.2334242853336735,0.5840248205842145,0.6811594202898551,24.148850440979004
workload_classification,Random Forest,all,zscore,within_subject,last_90s,87,3853.6,963.4,0.64049917037028,0.0625348269355168,0.4454004541720737,0.20265170149267733,0.27558979767716807,0.5935294916477052,0.6811594202898551,26.635483503341675
workload_classification,SVM,physio,zscore,within_subject,last_90s,10,3853.6,963.4,0.6527761041335454,0.05658636632706349,0.46654993826409114,0.15757127526135264,0.23474521125055453,0.5471013499689518,0.7101449275362319,24.963686227798462
workload_classification,Neural Network (MLP),all,zscore,within_subject,last_90s,87,3853.6,963.4,0.59059194512631,0.0378731036791717,0.3575325161368916,0.29910135085817,0.32435765886415185,0.5117007368536343,0.6231884057971014,30.34203052520752
workload_classification,SVM,all,zscore,within_subject,last_90s,87,3853.6,963.4,0.6335302867472795,0.05473153133416253,0.424223743773255,0.22686079884809315,0.2941282629773022,0.5671806380795641,0.6884057971014492,46.640944480895996
workload_classification,SVM,eeg,zscore,within_subject,last_90s,77,3853.6,963.4,0.6163506226110937,0.03999395819982866,0.36349867425992344,0.18684580787814456,0.24555641986791263,0.5576423549149994,0.7028985507246377,47.08027529716492
workload_classification,K-Nearest Neighbors,physio,zscore,within_subject,last_90s,10,3853.6,963.4,0.6007196538401389,0.03761478379573471,0.3729143601198379,0.30845317754919044,0.33634205757059243,0.5388356211493818,0.7007299270072993,3.342853307723999
workload_classification,Neural Network (MLP),eeg,zscore,within_subject,last_90s,77,3853.6,963.4,0.570531240549389,0.03322139428966953,0.3431935036993112,0.31288774917650797,0.3246756159396663,0.499977741149859,0.6376811594202898,38.78684997558594
workload_classification,XGBoost,physio,subtract,within_subject,full,10,3853.6,963.4,0.605222642130127,0.046233030561789595,0.36012492816315966,0.22670443429607956,0.2776384120628552,0.4976563229831129,0.6691176470588235,215.49246096611023
workload_classification,K-Nearest Neighbors,all,zscore,within_subject,last_90s,87,3853.6,963.4,0.6159982825612296,0.035688424417729854,0.3654725317152868,0.21570448618113397,0.270855828882254,0.5360236184524626,0.6884057971014492,15.37872838973999
workload_classification,Neural Network (MLP),physio,zscore,within_subject,last_90s,10,3853.6,963.4,0.591237546657846,0.057484109055483,0.350805840231209,0.28798216092164275,0.3121060982004626,0.5161188353797079,0.6715328467153284,29.900738954544067
workload_classification,Linear Discriminant Analysis,physio,zscore,within_subject,last_90s,10,3853.6,963.4,0.6513813290591672,0.03579440523421194,0.4325744640621366,0.07181174108947475,0.12142961352960897,0.5698709659604588,0.6811594202898551,2.5099000930786133
workload_classification,Linear Discriminant Analysis,eeg,zscore,within_subject,last_90s,77,3853.6,963.4,0.5896702324006302,0.036872290563896945,0.3473929476631672,0.2524894126641158,0.29060178741275366,0.5245369169408247,0.6496350364963503,9.326266288757324
workload_classification,K-Nearest Neighbors,eeg,zscore,within_subject,last_90s,77,3853.6,963.4,0.6076228915970708,0.02197624240780881,0.34818152218152215,0.2062712556505609,0.2589728581432187,0.5376768501665143,0.6811594202898551,16.248377561569214
workload_classification,Linear Discriminant Analysis,all,zscore,within_subject,last_90s,87,3853.6,963.4,0.5941169392490678,0.043469369819758547,0.35796727366580916,0.27238203112106596,0.3083118091216697,0.5300154008285054,0.6666666666666666,10.89680814743042
workload_classification,XGBoost,all,subtract,within_subject,full,87,3853.6,963.4,0.6247779042660435,0.06029636474511864,0.41118381320909625,0.2552838009876921,0.3137011811805409,0.5623836112503791,0.6956521739130435,230.11634254455566
workload_classification,Random Forest,physio,zscore,within_subject,last_120s,10,3853.6,963.4,0.6308450406526658,0.04765195925149753,0.41228641108401665,0.21684141963371495,0.28241297563114004,0.5349430542305385,0.7007299270072993,7.38299822807312
workload_classification,Logistic Regression,all,zscore,within_subject,last_120s,87,3853.6,963.4,0.5977826392350936,0.04592783532945577,0.3612988801753117,0.2628246164976299,0.3036627345057167,0.5275076260270015,0.6666666666666666,9.033128261566162
workload_classification,Logistic Regression,eeg,zscore,within_subject,last_120s,77,3853.6,963.4,0.6065189423803585,0.038183113869029575,0.371664618939648,0.2542984774228195,0.30023667034648954,0.5398131091733674,0.6739130434782609,8.296263456344604
workload_classification,Logistic Regression,physio,zscore,within_subject,last_120s,10,3853.6,963.4,0.6551754558689444,0.03486315905704251,0.4818842364532019,0.06945091835080569,0.11783839821295124,0.5531922449312331,0.6811594202898551,2.415621757507324
workload_classification,XGBoost,eeg,subtract,within_subject,full,77,3853.6,963.4,0.640234588097684,0.04987352151965807,0.44480180854773205,0.2709445278416081,0.33524425724185014,0.6178912600514831,0.7028985507246377,240.94638466835022
workload_classification,Random Forest,eeg,zscore,within_subject,last_120s,77,3853.6,963.4,0.6341925640941348,0.057558537218840536,0.4291568541754184,0.1831095739064492,0.2518502090840863,0.6008536027250444,0.7028985507246377,21.387189626693726
workload_classification,Random Forest,all,zscore,within_subject,last_120s,87,3853.6,963.4,0.638289249028358,0.0751485584938605,0.4511954071055106,0.19283949314457724,0.26676323215846665,0.5962954488718977,0.6956521739130435,23.562665700912476
workload_classification,SVM,physio,zscore,within_subject,last_120s,10,3853.6,963.4,0.6548817334714123,0.04966085222584971,0.4669967161241213,0.1714338713256514,0.2504566428508072,0.537404350872116,0.6956521739130435,25.770592212677002
workload_classification,Neural Network (MLP),eeg,zscore,within_subject,last_120s,77,3853.6,963.4,0.5708928531418513,0.028967566930344146,0.3381388583913446,0.31496705005911085,0.3225505713968711,0.5091244740721318,0.635036496350365,27.835376501083374
workload_classification,Neural Network (MLP),all,zscore,within_subject,last_120s,87,3853.6,963.4,0.5817301975540355,0.05947173028879279,0.35015857157768615,0.31243741621809545,0.32895990915356565,0.5079168277023027,0.6594202898550725,32.011505126953125
workload_classification,SVM,all,zscore,within_subject,last_120s,87,3853.6,963.4,0.6273894369607751,0.07285588036551985,0.41572550014135345,0.22917690663650886,0.29330423142762846,0.5732380035390944,0.6861313868613139,47.17782497406006
workload_classification,SVM,eeg,zscore,within_subject,last_120s,77,3853.6,963.4,0.6326375906331353,0.05018456830744863,0.41533980249769725,0.2156080034308626,0.281744454939622,0.5773243103453566,0.717391304347826,47.19420862197876
workload_classification,K-Nearest Neighbors,all,zscore,within_subject,last_120s,87,3853.6,963.4,0.6245954041793395,0.05049722936884602,0.392612506541078,0.23565611289484303,0.2939692533798766,0.5455899570259842,0.6884057971014492,14.020582437515259
