task,model,modality,baseline_adjustment,normalization,baseline_duration,n_features,n_windows_train,n_windows_test,accuracy_mean,accuracy_std,precision_mean,recall_mean,f1_mean,auc_mean,best_window_accuracy,training_time_seconds,tuned_params,threshold
stress_classification,Logistic Regression,physio,zscore,within_subject,last_90s,13,3853.6,963.4,0.5477519623473917,0.06524337094781883,0.5773047469288153,0.4915103128684117,0.49904442373376445,0.565150286784984,0.6204379562043796,21.473686695098877,"{'C': 0.1, 'class_weight': 'balanced', 'max_iter': 5000, 'penalty': 'l1', 'solver': 'saga'}",0.5
stress_classification,Neural Network (MLP),physio,zscore,within_subject,last_90s,13,3853.6,963.4,0.5128330189578384,0.03700282203349354,0.5007353826416873,0.5987597266613929,0.5326009309329345,0.5034476401089385,0.5912408759124088,368.1132004261017,"{'alpha': 0.001, 'hidden_layer_sizes': [100]}",0.55
stress_classification,Neural Network (MLP),eeg,zscore,within_subject,last_90s,77,3853.6,963.4,0.4909156247953603,0.05732257851411923,0.5035962005818337,0.5371861448212172,0.5130825969010661,0.5126759999194063,0.5507246376811594,436.2611017227173,"{'alpha': 0.001, 'hidden_layer_sizes': [50, 50]}",0.4
stress_classification,Neural Network (MLP),all,zscore,within_subject,last_90s,90,3853.6,963.4,0.5153345539319192,0.060975929709659926,0.5233667879605183,0.5351692663159475,0.5179808379531966,0.5321531772132688,0.6159420289855072,461.9156575202942,"{'alpha': 0.0001, 'hidden_layer_sizes': [50, 50]}",0.5750000000000001
stress_classification,K-Nearest Neighbors,all,zscore,within_subject,last_90s,90,3853.6,963.4,0.49660131113240213,0.030320734939908753,0.4805235480663682,0.5858199413260872,0.49438855340577303,0.4766748756516164,0.5507246376811594,90.9229371547699,"{'n_neighbors': 5, 'weights': 'uniform'}",0.225
stress_classification,K-Nearest Neighbors,physio,zscore,within_subject,last_90s,13,3853.6,963.4,0.510949489307863,0.06962249191787212,0.5030519528141715,0.7449852771284073,0.5929596799303857,0.5097525412355827,0.5766423357664233,27.69675850868225,"{'n_neighbors': 21, 'weights': 'uniform'}",0.2
stress_classification,Linear Discriminant Analysis,all,zscore,within_subject,last_90s,90,3853.6,963.4,0.5596289506824925,0.04674533166486456,0.6022282657089241,0.4352214414011737,0.48262026876201436,0.5851432187181983,0.6159420289855072,21.182665824890137,{'solver': 'lsqr'},0.6250000000000001
stress_classification,Linear Discriminant Analysis,physio,zscore,within_subject,last_90s,13,3853.6,963.4,0.5475537700337888,0.07056618695595408,0.5974392814840117,0.48298533625165685,0.49043175713218734,0.5690367230107726,0.635036496350365,5.988879442214966,{'solver': 'lsqr'},0.5
stress_classification,Linear Discriminant Analysis,eeg,zscore,within_subject,last_90s,77,3853.6,963.4,0.5389048556318514,0.02432270945636484,0.6042484241620729,0.3961149308671844,0.42038392449167505,0.5570404963915236,0.5985401459854015,19.418166637420654,{'solver': 'lsqr'},0.7500000000000002
stress_classification,K-Nearest Neighbors,eeg,zscore,within_subject,last_90s,77,3853.6,963.4,0.45817363822616225,0.041644020422628214,0.49060823054561276,0.34255918059906043,0.34423306867733594,0.47953170375800613,0.5434782608695652,89.55871105194092,"{'n_neighbors': 5, 'weights': 'distance'}",0.8
stress_classification,SVM,physio,zscore,within_subject,last_90s,13,3853.6,963.4,0.5573342419099571,0.07104760778779559,0.5637395837801511,0.5930958990931676,0.5461774448835991,0.5668893454067495,0.625,836.1052417755127,"{'C': 0.5, 'class_weight': 'balanced', 'gamma': 0.01, 'probability': True}",0.5
stress_classification,Logistic Regression,eeg,zscore,within_subject,last_90s,77,3853.6,963.4,0.5326252611338764,0.03941271007830218,0.5827471005409824,0.2942944172280419,0.38781636460942864,0.5483609217231745,0.6304347826086957,936.8289258480072,"{'C': 0.1, 'class_weight': 'balanced', 'max_iter': 5000, 'penalty': 'l1', 'solver': 'saga'}",0.6500000000000001
stress_classification,Random Forest,physio,zscore,within_subject,last_90s,13,3853.6,963.4,0.511384218820859,0.06395694329198207,0.4935929598856686,0.7639560217620858,0.5970182724723013,0.5157772424405223,0.583941605839416,1073.7984580993652,"{'class_weight': 'balanced_subsample', 'max_depth': 10, 'min_samples_leaf': 1, 'n_estimators': 500}",0.4
stress_classification,SVM,all,zscore,within_subject,last_90s,90,3853.6,963.4,0.503003952089905,0.05513378337936398,0.49437918481526627,0.5650941821540019,0.5214387575220114,0.5108081669656419,0.5693430656934306,1237.8743386268616,"{'C': 0.5, 'class_weight': 'balanced', 'gamma': 0.01, 'probability': True}",0.32500000000000007
stress_classification,SVM,eeg,zscore,within_subject,last_90s,77,3853.6,963.4,0.4944970901485523,0.017620837052079834,0.4869327848907289,0.49013324724988205,0.46667681988461956,0.495748340213306,0.5766423357664233,1254.6625843048096,"{'C': 2.0, 'class_weight': 'balanced', 'gamma': 0.01, 'probability': True}",0.32500000000000007
stress_classification,Logistic Regression,all,zscore,within_subject,last_90s,90,3853.6,963.4,0.5548097409747006,0.06128833342965095,0.5748041099693623,0.47767688198171676,0.5098010981895419,0.5731648544984329,0.6277372262773723,1381.9710824489594,"{'C': 0.1, 'class_weight': 'balanced', 'max_iter': 5000, 'penalty': 'l1', 'solver': 'saga'}",0.5
workload_classification,Logistic Regression,physio,zscore,within_subject,last_90s,13,3853.6,963.4,0.5981065395713776,0.1167263833584661,0.42317593159525096,0.3667867703077956,0.37605436737817177,0.5897675494441731,0.6521739130434783,24.34024930000305,"{'C': 0.1, 'class_weight': 'balanced', 'max_iter': 5000, 'penalty': 'l1', 'solver': 'saga'}",0.5250000000000001
workload_classification,Random Forest,physio,zscore,within_subject,last_90s,13,3853.6,963.4,0.5332651554425558,0.10552655258953017,0.38676924538813495,0.5973745400331303,0.45516510809004646,0.5900124281470205,0.6086956521739131,936.7362954616547,"{'class_weight': 'balanced_subsample', 'max_depth': 10, 'min_samples_leaf': 5, 'n_estimators': 200}",0.37500000000000006
stress_classification,Random Forest,eeg,zscore,within_subject,last_90s,77,3853.6,963.4,0.5079603128850497,0.042564498524100464,0.5463618320619318,0.3228961310927987,0.35127451788012365,0.5077550340511958,0.5797101449275363,2023.5142486095428,"{'class_weight': 'balanced_subsample', 'max_depth': None, 'min_samples_leaf': 5, 'n_estimators': 200}",0.6000000000000001
stress_classification,Random Forest,all,zscore,within_subject,last_90s,90,3853.6,963.4,0.4670946059551609,0.035103709256849115,0.6009484288241411,0.3048665434538147,0.2871427772335526,0.5304073695115804,0.5474452554744526,2231.5395498275757,"{'class_weight': 'balanced_subsample', 'max_depth': 10, 'min_samples_leaf': 1, 'n_estimators': 200}",0.5750000000000001
workload_classification,SVM,all,zscore,within_subject,last_90s,90,3853.6,963.4,0.5718396782506044,0.05198348675088912,0.398527868841418,0.6051103554067597,0.478306321758586,0.6048542709337714,0.6666666666666666,1088.5135684013367,"{'C': 0.5, 'class_weight': 'balanced', 'gamma': 0.1, 'probability': True}",0.32500000000000007
workload_classification,Neural Network (MLP),all,zscore,within_subject,last_90s,90,3853.6,963.4,0.60677663802775,0.03756253680342119,0.38385382626458125,0.3295801854201824,0.3506261567896109,0.5598948099469375,0.6956521739130435,329.16825437545776,"{'alpha': 0.001, 'hidden_layer_sizes': [50, 50]}",0.5
workload_classification,Logistic Regression,eeg,zscore,within_subject,last_90s,77,3853.6,963.4,0.5724796779975525,0.04825239790081931,0.37084739064399325,0.38740180460323026,0.373574871137866,0.5408831186275607,0.6304347826086957,1397.3228993415833,"{'C': 5.0, 'class_weight': 'balanced', 'max_iter': 5000, 'penalty': 'l1', 'solver': 'saga'}",0.6000000000000001
workload_classification,SVM,physio,zscore,within_subject,last_90s,13,3853.6,963.4,0.6008295159973012,0.0996787241970136,0.40682834320207534,0.4565495793939533,0.42698300095499275,0.5636150798133519,0.7028985507246377,673.3396077156067,"{'C': 0.5, 'class_weight': 'balanced', 'gamma': 0.01, 'probability': True}",0.37500000000000006
workload_classification,Neural Network (MLP),physio,zscore,within_subject,last_90s,13,3853.6,963.4,0.6006858277372913,0.09028791601466887,0.4068072499107709,0.4338773877018351,0.4187153747848308,0.5615918998544727,0.6594202898550725,219.05956506729126,"{'alpha': 0.001, 'hidden_layer_sizes': [50, 50]}",0.37500000000000006
workload_classification,K-Nearest Neighbors,all,zscore,within_subject,last_90s,90,3853.6,963.4,0.5696788188413515,0.07989827565529674,0.38321506382940645,0.4482762289942478,0.4028185890448276,0.5739828465959999,0.6666666666666666,131.90280175209045,"{'n_neighbors': 21, 'weights': 'distance'}",0.25
workload_classification,Neural Network (MLP),eeg,zscore,within_subject,last_90s,77,3853.6,963.4,0.5726813753804579,0.07173944915308407,0.32629710908399434,0.27102181019040056,0.27093073711274523,0.5077679377455981,0.6204379562043796,297.9888756275177,"{'alpha': 0.0001, 'hidden_layer_sizes': [100]}",0.5750000000000001
workload_classification,Linear Discriminant Analysis,all,zscore,within_subject,last_90s,90,3853.6,963.4,0.5737551331020695,0.05869902426703318,0.34048133680328807,0.3533727483865067,0.3271486085641514,0.547155785666153,0.6376811594202898,17.055009126663208,{'solver': 'svd'},0.35000000000000003
workload_classification,K-Nearest Neighbors,physio,zscore,within_subject,last_90s,13,3853.6,963.4,0.6194904100693848,0.06848922106596614,0.4217653551013182,0.45171390991406135,0.434443263227173,0.5960851107818688,0.6666666666666666,22.09251880645752,"{'n_neighbors': 21, 'weights': 'distance'}",0.35000000000000003
workload_classification,Linear Discriminant Analysis,physio,zscore,within_subject,last_90s,13,3853.6,963.4,0.618518207475626,0.1069685036559578,0.4568779556610155,0.3275744381977184,0.3642986851062491,0.5812252252979766,0.6617647058823529,4.021268129348755,{'solver': 'lsqr'},0.37500000000000006
workload_classification,Linear Discriminant Analysis,eeg,zscore,within_subject,last_90s,77,3853.6,963.4,0.5711761281132202,0.06801767599575967,0.3489514933300667,0.31032947009530143,0.30918344232478817,0.5245369169408247,0.644927536231884,13.890819549560547,{'solver': 'lsqr'},0.37500000000000006
workload_classification,K-Nearest Neighbors,eeg,zscore,within_subject,last_90s,77,3853.6,963.4,0.5326324550363211,0.05008190759037157,0.36106785648972295,0.5232428979766881,0.42437980787549795,0.5425717556242727,0.5869565217391305,113.18047451972961,"{'n_neighbors': 21, 'weights': 'uniform'}",0.2
workload_classification,Random Forest,eeg,zscore,within_subject,last_90s,77,3853.6,963.4,0.5168391053065838,0.06597975670661904,0.378394309252839,0.6988155374925213,0.4873693937952622,0.5811922985385811,0.5942028985507246,1876.9596219062805,"{'class_weight': 'balanced_subsample', 'max_depth': 10, 'min_samples_leaf': 5, 'n_estimators': 200}",0.35000000000000003
workload_classification,Logistic Regression,all,zscore,within_subject,last_90s,90,3853.6,963.4,0.5542304299889331,0.10347004746161649,0.3957112450585387,0.4522435419962614,0.3970977070634387,0.562412408784892,0.644927536231884,1612.3833329677582,"{'C': 0.1, 'class_weight': 'balanced', 'max_iter': 5000, 'penalty': 'l2', 'solver': 'saga'}",0.4750000000000001
workload_classification,Random Forest,all,zscore,within_subject,last_90s,90,3853.6,963.4,0.5373062548278018,0.04798559445734528,0.36318722557160743,0.63177409657714,0.4534074087675459,0.6039644219781178,0.6014492753623188,2066.322637319565,"{'class_weight': 'balanced_subsample', 'max_depth': 20, 'min_samples_leaf': 5, 'n_estimators': 500}",0.35000000000000003
workload_classification,SVM,eeg,zscore,within_subject,last_90s,77,3853.6,963.4,0.5193245970949574,0.06144146331295396,0.3717237812249669,0.6438847190307051,0.47008733213523257,0.5681971044182411,0.6086956521739131,963.3449828624725,"{'C': 0.5, 'class_weight': 'balanced', 'gamma': 0.1, 'probability': True}",0.2
stress_classification,XGBoost,physio,zscore,within_subject,last_90s,13,3853.6,963.4,0.5271617904668215,0.07434177265109039,0.5078753428383624,0.5969346960059879,0.5470526414304806,0.5291269626644841,0.6231884057971014,4393.247596979141,"{'colsample_bytree': 0.9, 'learning_rate': 0.1, 'max_depth': 4, 'n_estimators': 200, 'subsample': 0.7}",0.5
workload_classification,XGBoost,physio,zscore,within_subject,last_90s,13,3853.6,963.4,0.534433785012048,0.09259243311690794,0.3747806798142686,0.5540908492645367,0.44286478442708016,0.5600458593476361,0.6304347826086957,3884.403465270996,"{'colsample_bytree': 0.9, 'learning_rate': 0.05, 'max_depth': 6, 'n_estimators': 200, 'subsample': 0.9}",0.32500000000000007
stress_classification,XGBoost,eeg,zscore,within_subject,last_90s,77,3853.6,963.4,0.49975909690315373,0.015585165005592793,0.5101527260222327,0.5165518564109114,0.5030040630520551,0.5153272168241159,0.5912408759124088,4661.128242254257,"{'colsample_bytree': 0.9, 'learning_rate': 0.1, 'max_depth': 4, 'n_estimators': 200, 'subsample': 0.7}",0.5750000000000001
workload_classification,XGBoost,eeg,zscore,within_subject,last_90s,77,3853.6,963.4,0.520509804572805,0.06409242473040734,0.37019435709150583,0.6127093935692433,0.458125672553214,0.5609853820268013,0.6159420289855072,4173.6578977108,"{'colsample_bytree': 0.7, 'learning_rate': 0.05, 'max_depth': 8, 'n_estimators': 200, 'subsample': 0.7}",0.2
workload_classification,XGBoost,all,zscore,within_subject,last_90s,90,3853.6,963.4,0.5713589294521205,0.06698974592167185,0.3809683511111563,0.530953744034318,0.44126805440300254,0.582908267481568,0.6304347826086957,4175.278479814529,"{'colsample_bytree': 0.7, 'learning_rate': 0.05, 'max_depth': 8, 'n_estimators': 200, 'subsample': 0.9}",0.2
stress_classification,XGBoost,all,zscore,within_subject,last_90s,90,3853.6,963.4,0.5183812710304629,0.05175750445685503,0.5470768812274631,0.5087722063968991,0.509159578031294,0.5459516837412982,0.6058394160583942,4686.005295038223,"{'colsample_bytree': 0.9, 'learning_rate': 0.05, 'max_depth': 4, 'n_estimators': 400, 'subsample': 0.7}",0.55
