feature,model,term,estimate,std_error,df,t_value,p_value
hrv_rmssd,baseline,(Intercept),11.412882515545444,12.50826455886052,181.41349867752098,0.9124273364893665,0.3627547296827538
hrv_rmssd,baseline,stress_factorHigh,-16.08192481049191,17.068732564555884,137.99999981144134,-0.9421862314420971,0.3477437700573902
hrv_rmssd,baseline,workload_factorHigh,-17.67084003934419,17.068732564555884,137.99999981144134,-1.0352754648015643,0.3023510432721914
hrv_rmssd,baseline,stress_factorHigh:workload_factorHigh,6.751943600692022,24.13883308531424,137.99999980504361,0.2797129246815091,0.7801165726875918
hrv_rmssd,with_response_rate,(Intercept),6.620282899950803,27.616996408880336,111.4632266526036,0.23971770144497065,0.8109893846560672
hrv_rmssd,with_response_rate,stress_factorHigh,-16.498834824183472,17.215869434763057,140.60999932117403,-0.9583503689257937,0.3395310467787307
hrv_rmssd,with_response_rate,workload_factorHigh,-14.544769959396135,23.437824971778518,178.82731555565206,-0.6205682471351113,0.5356738135800627
hrv_rmssd,with_response_rate,response_rate,0.1961772247469278,1.007071622238805,93.8065799964928,0.1947996750328535,0.8459710534949771
hrv_rmssd,with_response_rate,stress_factorHigh:workload_factorHigh,7.098162591457819,24.223340870124698,138.75873911331414,0.29302987682480147,0.7699370801707305
hr_med,baseline,(Intercept),4.212765957446812,0.9407528146451554,128.86141003028817,4.4780795676235465,1.640671785249184e-5
hr_med,baseline,stress_factorHigh,1.8510638297872328,1.049549537852296,138.00000136112257,1.7636745699255736,0.07999979753792823
hr_med,baseline,workload_factorHigh,-1.2978723404255332,1.049549537852296,138.00000136112257,-1.2365994110972434,0.21833626131911926
hr_med,baseline,stress_factorHigh:workload_factorHigh,-0.5744680851063818,1.4842871908131312,138.0000013607501,-0.3870329735795087,0.69932799999983
hr_med,with_response_rate,(Intercept),5.539310068280116,2.190990231171718,149.7874077661688,2.528222166156237,0.012500234437239372
hr_med,with_response_rate,stress_factorHigh,1.966460392773722,1.0634644921749041,140.66797653984503,1.849107710923277,0.06654130853197675
hr_med,with_response_rate,workload_factorHigh,-2.1631375800073602,1.6627421107593832,182.8574386614578,-1.3009459290228982,0.19491392386305778
hr_med,with_response_rate,response_rate,-0.05429991299938159,0.08093573395617898,154.77935251193253,-0.6709015949466917,0.5032831484532472
hr_med,with_response_rate,stress_factorHigh:workload_factorHigh,-0.6702980730245484,1.4910219688771857,138.64793198876058,-0.44955613466199723,0.6537325261522897
eda_tonic_mean,baseline,(Intercept),0.7287240507613275,0.16723442180702472,129.77892026198992,4.3575003452472085,2.650170279328871e-5
eda_tonic_mean,baseline,stress_factorHigh,0.47819808890415477,0.1872454186330134,138.00000082361143,2.5538573514654916,0.011739503876676665
eda_tonic_mean,baseline,workload_factorHigh,0.3469632298523818,0.1872454186330134,138.00000082361143,1.8529864836501182,0.06602013601015891
eda_tonic_mean,baseline,stress_factorHigh:workload_factorHigh,-0.3379872289506652,0.2648050105230354,138.00000082361151,-1.2763626650533626,0.2039711775494389
eda_tonic_mean,with_response_rate,(Intercept),1.340255497814751,0.386538092528281,148.89156565529788,3.467330966136776,6.873528149488892e-4
eda_tonic_mean,with_response_rate,stress_factorHigh,0.5313954357332681,0.18859255180406173,140.7645838452162,2.817690468950022,0.005533414374037793
eda_tonic_mean,with_response_rate,workload_factorHigh,-0.05192053113624463,0.2940040810512528,182.79545014798376,-0.17659799466250772,0.8600196753081958
eda_tonic_mean,with_response_rate,response_rate,-0.02503203934208218,0.014281804974992141,153.33885251996088,-1.7527223894958666,0.08164828954607373
eda_tonic_mean,with_response_rate,stress_factorHigh:workload_factorHigh,-0.3821644641470831,0.26443749823713286,138.7404271574145,-1.4451976996257136,0.15065725682805475
eeg_fm_theta_power,baseline,(Intercept),0.04378723404255303,0.06487558920829901,144.66626327928427,0.6749416009458251,0.5007901468990943
eeg_fm_theta_power,baseline,stress_factorHigh,-0.08000425531914884,0.07670425061548512,138.00000042730832,-1.0430224489149433,0.29876162597965805
eeg_fm_theta_power,baseline,workload_factorHigh,0.09807446808510648,0.07670425061548514,138.00000042173733,1.278605387552109,0.2031821752844149
eeg_fm_theta_power,baseline,stress_factorHigh:workload_factorHigh,0.009031914893616946,0.10847619151208389,138.00000042947127,0.08326172561663746,0.9337640873109179
eeg_fm_theta_power,with_response_rate,(Intercept),-0.22053714876927297,0.14936937879792717,137.7512576075806,-1.4764548834846825,0.14210420268648
eeg_fm_theta_power,with_response_rate,stress_factorHigh,-0.1029979311727534,0.07739097260955682,140.87315788995787,-1.33087784918256,0.1853792532527927
eeg_fm_theta_power,with_response_rate,workload_factorHigh,0.2704853955116531,0.11659952443170489,181.5698027056167,2.319781292676565,0.02146507892731827
eeg_fm_theta_power,with_response_rate,response_rate,0.010819686185392873,0.005522395753487182,135.83583993721362,1.959237741800858,0.052132875311229496
eeg_fm_theta_power,with_response_rate,stress_factorHigh:workload_factorHigh,0.028126796250725734,0.10861971471022941,138.80980750798355,0.25894743257023906,0.7960594035550338
eeg_f_beta_power,baseline,(Intercept),0.03992978723404266,0.050223769306431756,179.17739640832005,0.7950376442360962,0.42764347721815765
eeg_f_beta_power,baseline,stress_factorHigh,-0.07928085106382994,0.06757964851360927,137.9999998895853,-1.1731468394344233,0.24275784540314524
eeg_f_beta_power,baseline,workload_factorHigh,-0.05187234042553206,0.06757964851360927,137.9999998895853,-0.7675733977084231,0.4440520008681881
eeg_f_beta_power,baseline,stress_factorHigh:workload_factorHigh,0.07727234042553213,0.09557205546835301,137.99999990064273,0.8085244169632775,0.4201804126043006
eeg_f_beta_power,with_response_rate,(Intercept),-0.021251427704171467,0.11193816280386493,113.84732169259624,-0.18984970962412215,0.8497649848199331
eeg_f_beta_power,with_response_rate,stress_factorHigh,-0.084603027586684,0.06823731842048564,140.73477416601915,-1.239835174432722,0.21709970117507674
eeg_f_beta_power,with_response_rate,workload_factorHigh,-0.011965654949263318,0.09399323401830259,178.82847850972672,-0.12730336469679654,0.8988433305113301
eeg_f_beta_power,with_response_rate,response_rate,0.0025043529432689582,0.0040930939926816685,97.77399434615076,0.6118483835813855,0.5420582335885449
eeg_f_beta_power,with_response_rate,stress_factorHigh:workload_factorHigh,0.0816920917481358,0.09598705726342635,138.84170812126945,0.8510740309908706,0.396193668079172
eeg_p_alpha_power,baseline,(Intercept),-0.06554680851063853,0.05495587515899086,170.52912825714685,-1.1927170356400916,0.23463713273744627
eeg_p_alpha_power,baseline,stress_factorHigh,0.013672340425532276,0.07113464855163211,138.00000052275772,0.19220366873125683,0.8478652173361807
eeg_p_alpha_power,baseline,workload_factorHigh,0.04749361702127669,0.07113464855163211,138.00000052013988,0.6676579977309384,0.5054669331135133
eeg_p_alpha_power,baseline,stress_factorHigh:workload_factorHigh,-0.07630638297872365,0.10059958473636178,138.00000053215211,-0.7585158843219624,0.449435717834642
eeg_p_alpha_power,with_response_rate,(Intercept),-0.12595117471888814,0.12572739122279736,121.83573505554762,-1.0017799104388814,0.318435381642067
eeg_p_alpha_power,with_response_rate,stress_factorHigh,0.00841774226111053,0.07189317354756472,140.90182368048258,0.1170868087432714,0.9069579935829393
eeg_p_alpha_power,with_response_rate,workload_factorHigh,0.08689358719349916,0.10250064255816049,179.39521983687615,0.8477369997382637,0.39771406991174396
eeg_p_alpha_power,with_response_rate,response_rate,0.0024725539114039317,0.004626218567993473,110.68429344655911,0.534465433282879,0.5940915150154493
eeg_p_alpha_power,with_response_rate,stress_factorHigh:workload_factorHigh,-0.07194275146683614,0.10104750683134445,138.90652129128873,-0.7119695846322439,0.47767767758176116
pupil_full_pupil_med,baseline,(Intercept),0.07003758992083187,0.11960813725142033,166.9366044388691,0.5855587381451355,0.5589628373595419
pupil_full_pupil_med,baseline,stress_factorHigh,-0.139652970803005,0.15517705900894987,135.59674385948276,-0.8999588708209149,0.3697376439487633
pupil_full_pupil_med,baseline,workload_factorHigh,-0.03443601363149123,0.1551922044130145,135.75511420223492,-0.22189267664402995,0.8247308813720757
pupil_full_pupil_med,baseline,stress_factorHigh:workload_factorHigh,0.2223842654042115,0.2199677437449449,135.33915048059444,1.010985800091074,0.31382727557128837
pupil_full_pupil_med,with_response_rate,(Intercept),0.24579892676032133,0.2756596997530214,121.75169064296006,0.8916752321088139,0.37432586582351945
pupil_full_pupil_med,with_response_rate,stress_factorHigh,-0.1240072390017491,0.15621960148069775,137.3509549724775,-0.7938007639654058,0.4286806919213354
pupil_full_pupil_med,with_response_rate,workload_factorHigh,-0.1484732625289761,0.22355017076790493,176.2210422583646,-0.6641608101616016,0.5074554646987444
pupil_full_pupil_med,with_response_rate,response_rate,-0.0071945027844148145,0.010156585948209833,112.08777346302705,-0.70835838155663855,0.4801932662082472
pupil_full_pupil_med,with_response_rate,stress_factorHigh:workload_factorHigh,0.20933524204321585,0.2199726229848575,135.03011437949522,0.9516422507614781,0.34297875683283274
